exam_type,source_year,date,weekday,time,course,source_title,study_year,semester,category,flow,exam_day,note
"Κανονική","2024","22/01/2024","Δευτέρα","08:30","Ηλεκτρολογικό Σχέδιο","Ηλεκτρολογικό Σχέδιο","4","7","Λοιπό","—","1",""
"Κανονική","2024","22/01/2024","Δευτέρα","12:00","Συστήματα Αξιολόγησης & Διαχείρισης Έργων","Συστήματα Αξιολόγησης & Διαχείρισης Έργων","5","9","Ροή","Ο","1",""
"Κανονική","2024","22/01/2024","Δευτέρα","15:00","Προσομοίωση Φυσιολογικών Συστημάτων","Προσομοίωση Φυσιολογικών Συστημάτων","5","9","Ροή","Ι","1",""
"Κανονική","2024","23/01/2024","Τρίτη","08:30","Φυσική Ι (Μηχανική)","Φυσική Ι (Μηχανική)","1","1","Κορμός","—","2",""
"Κανονική","2024","23/01/2024","Τρίτη","12:00","Ψηφιακές Επικοινωνίες ΙΙ","Ψηφιακές Επικοινωνίες ΙΙ","4","7","Ροή","Δ","2",""
"Κανονική","2024","23/01/2024","Τρίτη","15:00","Ανάλυση ΣΗΕ (Μόνιμη Κατάσταση)","Ανάλυση ΣΗΕ (Μόνιμη Κατάσταση)","4","7","Ροή","Ε","2",""
"Κανονική","2024","23/01/2024","Τρίτη","15:00","Οπτικά Δίκτυα Επικοινωνίας","Οπτικά Δίκτυα Επικοινωνίας","5","9","Ροή","Δ","2",""
"Κανονική","2024","24/01/2024","Τετάρτη","08:30","Ηλεκτρικές Μετρήσεις","Ηλεκτρικές Μετρήσεις","2","3","Κορμός","—","3",""
"Κανονική","2024","24/01/2024","Τετάρτη","08:30","Τεχνολογία Πολυμέσων","Τεχνολογία Πολυμέσων","4","7","Ροή","Υ","3",""
"Κανονική","2024","24/01/2024","Τετάρτη","12:00","Μετρήσεις & Έλεγχοι στη Βιοϊατρική Τεχνολογία","Μετρήσεις & Έλεγχοι στη Βιοϊατρική Τεχνολογία","4","7","Ροή","Ι","3",""
"Κανονική","2024","24/01/2024","Τετάρτη","12:00","Ανανεώσιμες Πηγές Ενέργειας","Ανανεώσιμες Πηγές Ενέργειας","5","9","Ροή","Ε","3",""
"Κανονική","2024","24/01/2024","Τετάρτη","15:00","Νευροασαφής Έλεγχος και Εφαρμογές","Νευροασαφής Έλεγχος και Εφαρμογές","5","9","Ροή","Σ","3",""
"Κανονική","2024","25/01/2024","Πέμπτη","08:30","Ηλεκτρομαγνητικά Πεδία Β","Ηλεκτρομαγνητικά Πεδία Β","3","5","Κορμός","—","4","Α–Λ στις 08:30, Μ–Ω στις 12:00"
"Κανονική","2024","25/01/2024","Πέμπτη","12:00","Ηλεκτρομαγνητικά Πεδία Β","Ηλεκτρομαγνητικά Πεδία Β","3","5","Κορμός","—","4","Α–Λ στις 08:30, Μ–Ω στις 12:00"
"Κανονική","2024","25/01/2024","Πέμπτη","12:00","Φωτονική Τεχνολογία στις Τηλεπικοινωνίες","Φωτονική Τεχνολογία στις Τηλεπικοινωνίες","4","7","Ροή","Τ","4",""
"Κανονική","2024","25/01/2024","Πέμπτη","15:00","Διοίκηση Παραγωγής & Συστημάτων Υπηρεσιών","Διοίκηση Παραγωγής & Συστημάτων Υπηρεσιών","4","7","Ροή","Ο","4",""
"Κανονική","2024","25/01/2024","Πέμπτη","18:00","Αναγνώριση Προτύπων","Αναγνώριση Προτύπων","5","9","Ροή","Σ","4",""
"Κανονική","2024","26/01/2024","Παρασκευή","08:30","Προγραμματισμός Ηλεκτρονικών Υπολογιστών","Προγραμματισμός Ηλεκτρονικών Υπολογιστών","1","1","Κορμός","—","5",""
"Κανονική","2024","26/01/2024","Παρασκευή","12:00","Δίκτυα Υπολογιστών","Δίκτυα Υπολογιστών","4","7","Ροή","Δ","5",""
"Κανονική","2024","26/01/2024","Παρασκευή","15:00","Βιοϊατρική Οργανολογία & Τεχνικές","Βιοϊατρική Οργανολογία & Τεχνικές","4","7","Ροή","Ι","5",""
"Κανονική","2024","26/01/2024","Παρασκευή","15:00","Συστήματα Κινητών Τηλεπικοινωνιών","Συστήματα Κινητών Τηλεπικοινωνιών","5","9","Ροή","Τ","5",""
"Κανονική","2024","29/01/2024","Δευτέρα","08:30","Σήματα και Συστήματα","Σήματα και Συστήματα","2","3","Κορμός","—","6",""
"Κανονική","2024","29/01/2024","Δευτέρα","12:00","Μηχανική Μάθηση","Μηχανική Μάθηση","4","7","Ροή","Λ","6",""
"Κανονική","2024","29/01/2024","Δευτέρα","15:00","Διάδοση σε Ιονισμένα Μέσα","Διάδοση σε Ιονισμένα Μέσα","4","7","Ροή","Τ","6",""
"Κανονική","2024","29/01/2024","Δευτέρα","15:00","Διαχείριση Ενέργειας & Περιβαλλοντική Πολιτική","Διαχείριση Ενέργειας & Περιβαλλοντική Πολιτική","5","9","Ροή","Ε","6",""
"Κανονική","2024","31/01/2024","Τετάρτη","08:30","Εισαγωγή στον Αυτόματο Έλεγχο","Εισαγωγή στον Αυτόματο Έλεγχο","3","5","Κορμός","—","7",""
"Κανονική","2024","31/01/2024","Τετάρτη","12:00","Ηλεκτρονική Ισχύος ΙΙ","Ηλεκτρονική Ισχύος ΙΙ","4","7","Ροή","Ζ","7",""
"Κανονική","2024","31/01/2024","Τετάρτη","12:00","Προχωρημένα Θέματα Βάσεων Δεδομένων","Προχωρημένα Θέματα Βάσεων Δεδομένων","5","9","Ροή","Λ","7",""
"Κανονική","2024","31/01/2024","Τετάρτη","15:00","Μοντέλα μαθηματικού προγραμματισμού","Μοντέλα μαθηματικού προγραμματισμού","4","7","Ροή","Ο","7",""
"Κανονική","2024","01/02/2024","Πέμπτη","08:30","Μαθηματική Ανάλυση (Συναρτήσεις μιας Μεταβλητής)","Μαθηματική Ανάλυση (Συναρτήσεις μιας Μεταβλητής)","1","1","Κορμός","—","8",""
"Κανονική","2024","01/02/2024","Πέμπτη","12:00","Αλληλεπίδραση Ανθρώπου-Υπολογιστή","Αλληλεπίδραση Ανθρώπου-Υπολογιστή","4","7","Ροή","Υ","8",""
"Κανονική","2024","01/02/2024","Πέμπτη","15:00","Σχεδιασμός Ενσωματωμένων Συστημάτων","Σχεδιασμός Ενσωματωμένων Συστημάτων","5","9","Ροή","Υ","8",""
"Κανονική","2024","02/02/2024","Παρασκευή","08:30","Εισαγωγικό Εργαστήριο Ηλεκτρονικής και Τηλεπικοινωνιών","Εισαγωγικό Εργαστήριο Ηλεκτρονικής και Τηλεπικοινωνιών","2","3","Κορμός","—","9",""
"Κανονική","2024","02/02/2024","Παρασκευή","12:00","Προηγμένα Θέματα Τεχνητής Νοημοσύνης","Προηγμένα Θέματα Τεχνητής Νοημούνης","5","9","Ροή","Λ","9",""
"Κανονική","2024","02/02/2024","Παρασκευή","12:00","Τηλεπικοινωνιακή Ηλεκτρονική","Τηλεπικοινωνιακή Ηλεκτρονική","5","9","Ροή","Η","9",""
"Κανονική","2024","02/02/2024","Παρασκευή","15:00","Αγγλική Γλώσσα","Αγγλική Γλώσσα","2","3","Κορμός","—","9",""
"Κανονική","2024","02/02/2024","Παρασκευή","15:00","Ποιοτικός Έλεγχος Εξοπλισμού Βιομηχανικών Εγκαταστάσεων & Υλικών","Ποιοτικός Έλεγχος Εξοπλισμού Βιομηχανικών Εγκαταστάσεων & Υλικών","5","9","Ροή","Ζ","9",""
"Κανονική","2024","05/02/2024","Δευτέρα","08:30","Εισαγωγή στα Συστήματα Ηλεκτρικής Ενέργειας","Εισαγωγή στα Συστήματα Ηλεκτρικής Ενέργειας (ΣΗΕ)","3","5","Κορμός","—","10",""
"Κανονική","2024","05/02/2024","Δευτέρα","12:00","Ηλεκτρονική ΙΙΙ","Ηλεκτρονική ΙΙΙ","4","7","Ροή","Η","10",""
"Κανονική","2024","05/02/2024","Δευτέρα","12:00","Διαχείριση Δικτύων - Ευφυή Δίκτυα","Διαχείριση Δικτύων - Ευφυή Δίκτυα","5","9","Ροή","Δ","10",""
"Κανονική","2024","05/02/2024","Δευτέρα","15:00","Πυρηνική Φυσική και Στοιχ. Σωματίδια","Πυρηνική Φυσική και Στοιχ. Σωματίδια","4","7","Ροή","Φ","10",""
"Κανονική","2024","05/02/2024","Δευτέρα","15:00","Προστασία Ηλεκτρικών Εγκαταστάσεων από Υπερτάσεις","Προστασία Ηλεκτρικών Εγκαταστάσεων από Υπερτάσεις","5","9","Ροή","Ζ","10",""
"Κανονική","2024","06/02/2024","Τρίτη","08:30","Θεμελιώδη Θέματα Επιστήμης Υπολογιστών","Θεμελιώδη Θέματα Επιστήμης Υπολογιστών","3","5","Κορμός","—","11",""
"Κανονική","2024","06/02/2024","Τρίτη","12:00","Γαλλική Γλώσσα","Γαλλική Γλώσσα","2","3","Κορμός","—","11","Καταληκτική ημερομηνία υποβολής εργασίας"
"Κανονική","2024","06/02/2024","Τρίτη","12:00","Κατανεμημένα Συστήματα","Κατανεμημένα Συστήματα","5","9","Ροή","Υ","11",""
"Κανονική","2024","06/02/2024","Τρίτη","12:00","Δορυφορικές Επικοινωνίες","Δορυφορικές Επικοινωνίες","5","9","Ροή","Τ","11",""
"Κανονική","2024","06/02/2024","Τρίτη","15:00","Ευέλικτα Συστήματα Μεταφοράς Ηλεκτρικής Ενέργειας","Ευέλικτα Συστήματα Μεταφοράς Ηλεκτρικής Ενέργειας","4","7","Ροή","Ε","11",""
"Κανονική","2024","06/02/2024","Τρίτη","15:00","Δίκτυα Ευρείας Ζώνης","Δίκτυα Ευρείας Ζώνης","5","9","Ροή","Δ","11",""
"Κανονική","2024","07/02/2024","Τετάρτη","08:30","Λογική Σχεδίαση Ψηφιακών Συστημάτων","Λογική Σχεδίαση Ψηφιακών Συστημάτων","1","1","Κορμός","—","12",""
"Κανονική","2024","07/02/2024","Τετάρτη","12:00","Αλγόριθμοι και Πολυπλοκότητα","Αλγόριθμοι και Πολυπλοκότητα","4","7","Ροή","Λ","12",""
"Κανονική","2024","07/02/2024","Τετάρτη","15:00","Υπολογιστικές Τεχνικές για Συστήματα Μετάδοσης Πληροφορίας","Υπολογιστικές Τεχνικές για Συστήματα Μετάδοσης Πληροφορίας","4","7","Ροή","Τ","12",""
"Κανονική","2024","07/02/2024","Τετάρτη","15:00","Εγκατάσταση Διαχείριση & Ποιοτικός Έλεγχος Ιατρικών & Νοσοκομειακών Συστημάτων","Εγκατάσταση Διαχείριση & Ποιοτικός Έλεγχος Ιατρικών & Νοσοκομειακών Συστημάτων","5","9","Ροή","Ι","12",""
"Κανονική","2024","08/02/2024","Πέμπτη","08:30","Βιομηχανική Ηλεκτρονική","Βιομηχανική Ηλεκτρονική","3","5","Κορμός","—","13",""
"Κανονική","2024","08/02/2024","Πέμπτη","12:00","Ηλεκτρικές Μηχανές ΙΙ","Ηλεκτρικές Μηχανές ΙΙ","4","7","Ροή","Ζ","13",""
"Κανονική","2024","08/02/2024","Πέμπτη","12:00","Κρυπτογραφία","Κρυπτογραφία","5","9","Ροή","Λ","13",""
"Κανονική","2024","08/02/2024","Πέμπτη","15:00","Επεξεργασία & Ανάλυση Ιατρικών Σημάτων","Επεξεργασία & Ανάλυση Ιατρικών Σημάτων","4","7","Ροή","Ι","13",""
"Κανονική","2024","08/02/2024","Πέμπτη","15:00","Προστασία Συστημάτων Ηλεκτρικής Ενέργειας","Προστασία Συστημάτων Ηλεκτρικής Ενέργειας","5","9","Ροή","Ε","13",""
"Κανονική","2024","09/02/2024","Παρασκευή","08:30","Οργάνωση και Διοίκηση","Οργάνωση και Διοίκηση","2","3","Κορμός","—","14",""
"Κανονική","2024","09/02/2024","Παρασκευή","08:30","Εργαστήριο Μικροϋπολογιστών","Εργαστήριο Μικροϋπολογιστών","4","7","Ροή","Υ","14","Συνεννόηση με διδάσκοντα"
"Κανονική","2024","09/02/2024","Παρασκευή","12:00","Πολιτική Οικονομία","Πολιτική Οικονομία","2","3","Κορμός","—","14",""
"Κανονική","2024","09/02/2024","Παρασκευή","12:00","Οικονομική & Αξιόπιστη Λειτουργία ΣΗΕ","Οικονομική & Αξιόπιστη Λειτουργία ΣΗΕ","5","9","Ροή","Ε","14",""
"Κανονική","2024","09/02/2024","Παρασκευή","12:00","Θεωρία Πληροφορίας","Θεωρία Πληροφορίας","5","9","Ροή","Δ","14",""
"Κανονική","2024","09/02/2024","Παρασκευή","15:00","Μικροηλεκτρονική και Τεχνικές Συσκευασίας","Μικροηλεκτρονική και Τεχνικές Συσκευασίας","4","7","Ροή","Η","14",""
"Κανονική","2024","09/02/2024","Παρασκευή","15:00","Μαγνητικά Υλικά & Εφαρμογές","Μαγνητικά Υλικά & Εφαρμογές","5","9","Ροή","Η","14",""
"Κανονική","2024","12/02/2024","Δευτέρα","08:30","Γραμμική Άλγεβρα","Γραμμική Άλγεβρα","1","1","Κορμός","—","15",""
"Κανονική","2024","12/02/2024","Δευτέρα","12:00","Εργαστήριο Λειτουργικών Συστημάτων","Εργαστήριο Λειτουργικών Συστημάτων","4","7","Ροή","Υ","15",""
"Κανονική","2024","12/02/2024","Δευτέρα","12:00","Κατασκευή Ηλεκτρικών Μηχανών","Κατασκευή Ηλεκτρικών Μηχανών","5","9","Ροή","Ζ","15",""
"Κανονική","2024","12/02/2024","Δευτέρα","15:00","Κεραίες","Κεραίες","4","7","Ροή","Τ","15",""
"Κανονική","2024","12/02/2024","Δευτέρα","15:00","Παίγνια Αποφάσεων","Παίγνια Αποφάσεων","5","9","Ροή","Ο","15",""
"Κανονική","2024","13/02/2024","Τρίτη","08:30","Αρχιτεκτονική Υπολογιστών","Αρχιτεκτονική Υπολογιστών","3","5","Κορμός","—","16",""
"Κανονική","2024","13/02/2024","Τρίτη","12:00","Συστήματα Ραντάρ & Τηλεπισκόπηση","Συστήματα Ραντάρ & Τηλεπισκόπηση","5","9","Ροή","Τ","16",""
"Κανονική","2024","13/02/2024","Τρίτη","15:00","Ρομποτική Ι","Ρομποτική Ι: Ανάλυση-Έλεγχος-Εργαστήριο","4","7","Ροή","Σ","16",""
"Κανονική","2024","13/02/2024","Τρίτη","15:00","Συστήματα Παράλληλης Επεξεργασίας","Συστήματα Παράλληλης Επεξεργασίας","5","9","Ροή","Υ","16",""
"Κανονική","2024","14/02/2024","Τετάρτη","08:30","Θεωρία Πιθανοτήτων & Στατιστική","Θεωρία Πιθανοτήτων & Στατιστική","2","3","Κορμός","—","17",""
"Κανονική","2024","14/02/2024","Τετάρτη","12:00","Παραγωγή Υψηλών Τάσεων","Παραγωγή Υψηλών Τάσεων","4","7","Ροή","Ζ","17",""
"Κανονική","2024","14/02/2024","Τετάρτη","12:00","Προηγμένες Τεχνολογίες Κινητού Υπολογισμού","Προηγμένες Τεχνολογίες Κινητού Υπολογισμού","5","9","Ροή","Τ","17",""
"Κανονική","2024","14/02/2024","Τετάρτη","15:00","Εισαγωγή στη Σχεδίαση Συστημάτων VLSI","Εισαγωγή στη Σχεδίαση Συστημάτων VLSI","4","7","Ροή","Η","17",""
"Κανονική","2024","15/02/2024","Πέμπτη","08:30","Φιλοσοφία","Φιλοσοφία","1","1","Ανθρωπιστικό","—","18",""
"Κανονική","2024","15/02/2024","Πέμπτη","08:30","Κοινωνιολογία της Επιστήμης και της Τεχνολογίας","Κοινωνιολογία της Επιστ. & της Τεχν.","4","8","Ανθρωπιστικό","—","18",""
"Κανονική","2024","15/02/2024","Πέμπτη","08:30","Ειδικά Θέματα Ηλεκτρομαγνητισμού","Ειδικά Θέματα Ηλεκτρομαγνητισμού","5","9","Ροή","Τ","18",""
"Κανονική","2024","15/02/2024","Πέμπτη","12:00","Τεχνολογία Λογισμικού","Τεχνολογία Λογισμικού","4","7","Ροή","Λ","18",""
"Κανονική","2024","15/02/2024","Πέμπτη","12:00","Αυτόματος Έλεγχος και Ευστάθεια ΣΗΕ","Αυτόματος Έλεγχος και Ευστάθεια ΣΗΕ","5","9","Ροή","Ε","18",""
"Κανονική","2024","15/02/2024","Πέμπτη","15:00","Φυσική, Τεχνολογία & Χρήσεις των Φωτοβολταϊκών","Φυσική, Τεχνολογία & Χρήσεις των Φωτοβολταϊκών","5","9","Ροή","Η","18",""
"Κανονική","2024","16/02/2024","Παρασκευή","08:30","Προχωρημένες Τεχνικές Συστημάτων Αυτομάτου Ελέγχου","Προχωρημένες Τεχνικές Συστημάτων Αυτομάτου Ελέγχου","4","7","Ροή","Σ","19",""
"Κανονική","2024","16/02/2024","Παρασκευή","08:30","Ανάλυση Κοινωνικών Δικτύων","Ανάλυση Κοινωνικών Δικτύων","5","9","Ροή","Δ","19",""
"Κανονική","2024","16/02/2024","Παρασκευή","12:00","Εισαγωγή στις Τηλεπικοινωνίες","Εισαγωγή στις Τηλεπικοινωνίες","3","5","Κορμός","—","19",""
"Κανονική","2024","16/02/2024","Παρασκευή","15:00","Συστήματα Αποφάσεων","Συστήματα Αποφάσεων","4","7","Ροή","Ο","19",""
"Κανονική","2024","16/02/2024","Παρασκευή","15:00","Ανάλυση & Σχεδιασμός Πληροφοριακών Συστημάτων","Ανάλυση & Σχεδιασμός Πληροφοριακών Συστημάτων","5","9","Ροή","Λ","19",""
"Κανονική","2025","13/01/2025","Δευτέρα","08:30","Ηλεκτρολογικό Σχέδιο","Ηλεκτρολογικό Σχέδιο","4","7","Λοιπό","—","1",""
"Κανονική","2025","13/01/2025","Δευτέρα","12:00","Συστήματα Αξιολόγησης & Διαχείρισης Έργων","Συστήματα Αξιολόγησης & Διαχείρισης Έργων","5","9","Ροή","Ο","1",""
"Κανονική","2025","13/01/2025","Δευτέρα","15:00","Προσομοίωση Φυσιολογικών Συστημάτων","Προσομοίωση Φυσιολογικών Συστημάτων","5","9","Ροή","Ι","1",""
"Κανονική","2025","14/01/2025","Τρίτη","08:30","Φυσική Ι (Μηχανική)","Φυσική Ι (Μηχανική)","1","1","Κορμός","—","2",""
"Κανονική","2025","14/01/2025","Τρίτη","12:00","Προηγμένα Θέματα Τεχνητής Νοημοσύνης","Προηγμένα Θέματα Τεχνητής Νοημοσύνης","5","9","Ροή","Λ","2",""
"Κανονική","2025","14/01/2025","Τρίτη","15:00","Ανάλυση ΣΗΕ (Μόνιμη Κατάσταση)","Ανάλυση ΣΗΕ (Μόνιμη Κατάσταση)","4","7","Ροή","Ε","2",""
"Κανονική","2025","14/01/2025","Τρίτη","15:00","Οπτικά Δίκτυα Επικοινωνίας","Οπτικά Δίκτυα Επικοινωνίας","5","9","Ροή","Δ","2",""
"Κανονική","2025","15/01/2025","Τετάρτη","08:30","Ηλεκτρικές Μετρήσεις","Ηλεκτρικές Μετρήσεις","2","3","Κορμός","—","3",""
"Κανονική","2025","15/01/2025","Τετάρτη","08:30","Τεχνολογία Πολυμέσων","Τεχνολογία Πολυμέσων","4","7","Ροή","Υ","3",""
"Κανονική","2025","15/01/2025","Τετάρτη","12:00","Μετρήσεις & Έλεγχοι στη Βιοϊατρική Τεχνολογία","Μετρήσεις & Έλεγχοι στη Βιοϊατρική Τεχνολογία","4","7","Ροή","Ι","3",""
"Κανονική","2025","15/01/2025","Τετάρτη","12:00","Ανανεώσιμες Πηγές Ενέργειας","Ανανεώσιμες Πηγές Ενέργειας","5","9","Ροή","Ε","3",""
"Κανονική","2025","15/01/2025","Τετάρτη","15:00","Νευροασαφής Έλεγχος και Εφαρμογές","Νευροασαφής Έλεγχος και Εφαρμογές","5","9","Ροή","Σ","3",""
"Κανονική","2025","16/01/2025","Πέμπτη","08:30","Ηλεκτρομαγνητικά Πεδία Β","Ηλεκτρομαγνητικά Πεδία Β","3","5","Κορμός","—","4","Α–Λ στις 08:30, Μ–Ω στις 12:00"
"Κανονική","2025","16/01/2025","Πέμπτη","12:00","Ηλεκτρομαγνητικά Πεδία Β","Ηλεκτρομαγνητικά Πεδία Β","3","5","Κορμός","—","4","Α–Λ στις 08:30, Μ–Ω στις 12:00"
"Κανονική","2025","16/01/2025","Πέμπτη","12:00","Φωτονική Τεχνολογία στις Τηλεπικοινωνίες","Φωτονική Τεχνολογία στις Τηλεπικοινωνίες","4","7","Ροή","Τ","4",""
"Κανονική","2025","16/01/2025","Πέμπτη","15:00","Διοίκηση Παραγωγής & Συστημάτων Υπηρεσιών","Διοίκηση Παραγωγής & Συστημάτων Υπηρεσιών","4","7","Ροή","Ο","4",""
"Κανονική","2025","16/01/2025","Πέμπτη","18:00","Αναγνώριση Προτύπων","Αναγνώριση Προτύπων","5","9","Ροή","Σ","4",""
"Κανονική","2025","17/01/2025","Παρασκευή","08:30","Προγραμματισμός Ηλεκτρονικών Υπολογιστών","Προγραμματισμός Ηλεκτρονικών Υπολογιστών","1","1","Κορμός","—","5",""
"Κανονική","2025","17/01/2025","Παρασκευή","12:00","Δίκτυα Υπολογιστών","Δίκτυα Υπολογιστών","4","7","Ροή","Δ","5",""
"Κανονική","2025","17/01/2025","Παρασκευή","15:00","Βιοϊατρική Οργανολογία & Τεχνικές","Βιοϊατρική Οργανολογία & Τεχνικές","4","7","Ροή","Ι","5",""
"Κανονική","2025","17/01/2025","Παρασκευή","15:00","Συστήματα Κινητών Τηλεπικοινωνιών","Συστήματα Κινητών Τηλεπικοινωνιών","5","9","Ροή","Τ","5",""
"Κανονική","2025","20/01/2025","Δευτέρα","08:30","Σήματα και Συστήματα","Σήματα και Συστήματα","2","3","Κορμός","—","6",""
"Κανονική","2025","20/01/2025","Δευτέρα","12:00","Μηχανική Μάθηση","Μηχανική Μάθηση","4","7","Ροή","Λ","6",""
"Κανονική","2025","20/01/2025","Δευτέρα","15:00","Διάδοση σε Ιονισμένα Μέσα","Διάδοση σε Ιονισμένα Μέσα","4","7","Ροή","Τ","6","Συνεννόηση με διδάσκοντα"
"Κανονική","2025","20/01/2025","Δευτέρα","15:00","Διαχείριση Ενέργειας & Περιβαλλοντική Πολιτική","Διαχείριση Ενέργειας & Περιβαλλοντική Πολιτική","5","9","Ροή","Ε","6",""
"Κανονική","2025","21/01/2025","Τρίτη","08:30","Εισαγωγή στον Αυτόματο Έλεγχο","Εισαγωγή στον Αυτόματο Έλεγχο","3","5","Κορμός","—","7",""
"Κανονική","2025","21/01/2025","Τρίτη","12:00","Ηλεκτρονική Ισχύος ΙΙ","Ηλεκτρονική Ισχύος ΙΙ","4","7","Ροή","Ζ","7",""
"Κανονική","2025","21/01/2025","Τρίτη","12:00","Προχωρημένα Θέματα Βάσεων Δεδομένων","Προχωρημένα Θέματα Βάσεων Δεδομένων","5","9","Ροή","Λ","7",""
"Κανονική","2025","21/01/2025","Τρίτη","15:00","Μοντέλα μαθηματικού προγραμματισμού","Μοντέλα μαθηματικού προγραμματισμού","4","7","Ροή","Ο","7",""
"Κανονική","2025","21/01/2025","Τρίτη","15:00","Υλικά και Διατάξεις Προηγμένης Τεχνολογίας","Υλικά και Διατάξεις Προηγμένης Τεχνολογίας","4","8","Ροή","Η","7",""
"Κανονική","2025","22/01/2025","Τετάρτη","08:30","Μαθηματική Ανάλυση (Συναρτήσεις μιας Μεταβλητής)","Μαθηματική Ανάλυση (Συναρτήσεις μιας Μεταβλητής)","1","1","Κορμός","—","8",""
"Κανονική","2025","22/01/2025","Τετάρτη","12:00","Αλληλεπίδραση Ανθρώπου-Υπολογιστή","Αλληλεπίδραση Ανθρώπου-Υπολογιστή","4","7","Ροή","Υ","8",""
"Κανονική","2025","22/01/2025","Τετάρτη","12:00","Δορυφορικές Επικοινωνίες","Δορυφορικές Επικοινωνίες","5","9","Ροή","Τ","8",""
"Κανονική","2025","22/01/2025","Τετάρτη","15:00","Σχεδιασμός Ενσωματωμένων Συστημάτων","Σχεδιασμός Ενσωματωμένων Συστημάτων","5","9","Ροή","Υ","8",""
"Κανονική","2025","23/01/2025","Πέμπτη","08:30","Οργάνωση και Διοίκηση","Οργάνωση και Διοίκηση","2","3","Κορμός","—","9",""
"Κανονική","2025","23/01/2025","Πέμπτη","12:00","Πολιτική Οικονομία","Πολιτική Οικονομία","2","3","Κορμός","—","9",""
"Κανονική","2025","23/01/2025","Πέμπτη","12:00","Τηλεπικοινωνιακή Ηλεκτρονική","Τηλεπικοινωνιακή Ηλεκτρονική","5","9","Ροή","Η","9",""
"Κανονική","2025","23/01/2025","Πέμπτη","15:00","Αγγλική Γλώσσα","Αγγλική Γλώσσα","2","3","Κορμός","—","9","Συνεννόηση με διδάσκουσα"
"Κανονική","2025","23/01/2025","Πέμπτη","15:00","Ποιοτικός Έλεγχος Εξοπλισμού Βιομηχανικών Εγκαταστάσεων & Υλικών","Ποιοτικός Έλεγχος Εξοπλισμού Βιομηχανικών Εγκαταστάσεων & Υλικών","5","9","Ροή","Ζ","9",""
"Κανονική","2025","24/01/2025","Παρασκευή","08:30","Εισαγωγή στα Συστήματα Ηλεκτρικής Ενέργειας","Εισαγωγή στα Συστήματα Ηλεκτρικής Ενέργειας","3","5","Κορμός","—","10",""
"Κανονική","2025","24/01/2025","Παρασκευή","12:00","Ηλεκτρονική ΙΙΙ","Ηλεκτρονική ΙΙΙ","4","7","Ροή","Η","10",""
"Κανονική","2025","24/01/2025","Παρασκευή","12:00","Διαχείριση Δικτύων - Ευφυή Δίκτυα","Διαχείριση Δικτύων - Ευφυή Δίκτυα","5","9","Ροή","Δ","10",""
"Κανονική","2025","24/01/2025","Παρασκευή","15:00","Πυρηνική Φυσική και Στοιχ. Σωματίδια","Πυρηνική Φυσική και Στοιχ. Σωματίδια","4","7","Ροή","Φ","10",""
"Κανονική","2025","24/01/2025","Παρασκευή","15:00","Προστασία Ηλεκτρικών Εγκαταστάσεων από Υπερτάσεις","Προστασία Ηλεκτρικών Εγκαταστάσεων από Υπερτάσεις","5","9","Ροή","Ζ","10",""
"Κανονική","2025","27/01/2025","Δευτέρα","08:30","Θεμελιώδη Θέματα Επιστήμης Υπολογιστών","Θεμελιώδη Θέματα Επιστήμης Υπολογιστών","3","5","Κορμός","—","11",""
"Κανονική","2025","27/01/2025","Δευτέρα","12:00","Γαλλική Γλώσσα","Γαλλική Γλώσσα","2","3","Κορμός","—","11","Καταληκτική ημερομηνία υποβολής εργασίας"
"Κανονική","2025","27/01/2025","Δευτέρα","12:00","Δίκτυα Ευρείας Ζώνης","Δίκτυα Ευρείας Ζώνης","5","9","Ροή","Δ","11",""
"Κανονική","2025","27/01/2025","Δευτέρα","15:00","Ευέλικτα Συστήματα Μεταφοράς Ηλεκτρικής Ενέργειας","Ευέλικτα Συστήματα Μεταφοράς Ηλεκτρικής Ενέργειας","4","7","Ροή","Ε","11",""
"Κανονική","2025","27/01/2025","Δευτέρα","15:00","Κατανεμημένα Συστήματα","Κατανεμημένα Συστήματα","5","9","Ροή","Υ","11",""
"Κανονική","2025","28/01/2025","Τρίτη","08:30","Λογική Σχεδίαση Ψηφιακών Συστημάτων","Λογική Σχεδίαση Ψηφιακών Συστημάτων","1","1","Κορμός","—","12",""
"Κανονική","2025","28/01/2025","Τρίτη","12:00","Αλγόριθμοι και Πολυπλοκότητα","Αλγόριθμοι και Πολυπλοκότητα","4","7","Ροή","Λ","12",""
"Κανονική","2025","28/01/2025","Τρίτη","15:00","Υπολογιστικές Τεχνικές για Συστήματα Μετάδοσης Πληροφορίας","Υπολογιστικές Τεχνικές για Συστήματα Μετάδοσης Πληροφορίας","4","7","Ροή","Τ","12",""
"Κανονική","2025","28/01/2025","Τρίτη","15:00","Εγκατάσταση Διαχείριση & Ποιοτικός Έλεγχος Ιατρικών & Νοσοκομειακών Συστημάτων","Εγκατάσταση Διαχείριση & Ποιοτικός Έλεγχος Ιατρικών & Νοσοκομειακών Συστημάτων","5","9","Ροή","Ι","12",""
"Κανονική","2025","29/01/2025","Τετάρτη","08:30","Βιομηχανική Ηλεκτρονική","Βιομηχανική Ηλεκτρονική","3","5","Κορμός","—","13",""
"Κανονική","2025","29/01/2025","Τετάρτη","12:00","Ηλεκτρικές Μηχανές ΙΙ","Ηλεκτρικές Μηχανές ΙΙ","4","7","Ροή","Ζ","13",""
"Κανονική","2025","29/01/2025","Τετάρτη","12:00","Κρυπτογραφία","Κρυπτογραφία","5","9","Ροή","Λ","13",""
"Κανονική","2025","29/01/2025","Τετάρτη","15:00","Επεξεργασία & Ανάλυση Ιατρικών Σημάτων","Επεξεργασία & Ανάλυση Ιατρικών Σημάτων","4","7","Ροή","Ι","13",""
"Κανονική","2025","29/01/2025","Τετάρτη","15:00","Προστασία Συστημάτων Ηλεκτρικής Ενέργειας","Προστασία Συστημάτων Ηλεκτρικής Ενέργειας","5","9","Ροή","Ε","13",""
"Κανονική","2025","31/01/2025","Παρασκευή","08:30","Θεωρία Πιθανοτήτων & Στατιστική","Θεωρία Πιθανοτήτων & Στατιστική","2","3","Κορμός","—","14",""
"Κανονική","2025","31/01/2025","Παρασκευή","08:30","Εργαστήριο Μικροϋπολογιστών","Εργαστήριο Μικροϋπολογιστών","4","7","Ροή","Υ","14","Συνεννόηση με διδάσκοντα"
"Κανονική","2025","31/01/2025","Παρασκευή","12:00","Οικονομική & Αξιόπιστη Λειτουργία ΣΗΕ","Οικονομική & Αξιόπιστη Λειτουργία ΣΗΕ","5","9","Ροή","Ε","14",""
"Κανονική","2025","31/01/2025","Παρασκευή","12:00","Θεωρία Πληροφορίας","Θεωρία Πληροφορίας","5","9","Ροή","Δ","14",""
"Κανονική","2025","31/01/2025","Παρασκευή","15:00","Μικροηλεκτρονική και Τεχνικές Συσκευασίας","Μικροηλεκτρονική και Τεχνικές Συσκευασίας","4","7","Ροή","Η","14",""
"Κανονική","2025","31/01/2025","Παρασκευή","15:00","Μαγνητικά Υλικά & Εφαρμογές","Μαγνητικά Υλικά & Εφαρμογές","5","9","Ροή","Η","14",""
"Κανονική","2025","03/02/2025","Δευτέρα","08:30","Γραμμική Άλγεβρα","Γραμμική Άλγεβρα","1","1","Κορμός","—","15",""
"Κανονική","2025","03/02/2025","Δευτέρα","12:00","Εργαστήριο Λειτουργικών Συστημάτων","Εργαστήριο Λειτουργικών Συστημάτων","4","7","Ροή","Υ","15",""
"Κανονική","2025","03/02/2025","Δευτέρα","12:00","Κατασκευή Ηλεκτρικών Μηχανών","Κατασκευή Ηλεκτρικών Μηχανών","5","9","Ροή","Ζ","15",""
"Κανονική","2025","03/02/2025","Δευτέρα","15:00","Κεραίες","Κεραίες","4","7","Ροή","Τ","15",""
"Κανονική","2025","03/02/2025","Δευτέρα","15:00","Παίγνια Αποφάσεων","Παίγνια Αποφάσεων","5","9","Ροή","Ο","15",""
"Κανονική","2025","04/02/2025","Τρίτη","08:30","Αρχιτεκτονική Υπολογιστών","Αρχιτεκτονική Υπολογιστών","3","5","Κορμός","—","16",""
"Κανονική","2025","04/02/2025","Τρίτη","12:00","Συστήματα Ραντάρ & Τηλεπισκόπηση","Συστήματα Ραντάρ & Τηλεπισκόπηση","5","9","Ροή","Τ","16",""
"Κανονική","2025","04/02/2025","Τρίτη","15:00","Ρομποτική Ι","Ρομποτική Ι: Ανάλυση-Έλεγχος-Εργαστήριο","4","7","Ροή","Σ","16",""
"Κανονική","2025","04/02/2025","Τρίτη","15:00","Συστήματα Παράλληλης Επεξεργασίας","Συστήματα Παράλληλης Επεξεργασίας","5","9","Ροή","Υ","16",""
"Κανονική","2025","05/02/2025","Τετάρτη","08:30","Εισαγωγικό Εργαστήριο Ηλεκτρονικής και Τηλεπικοινωνιών","Εισαγωγικό Εργαστήριο Ηλεκτρονικής και Τηλεπικοινωνιών","2","3","Κορμός","—","17",""
"Κανονική","2025","05/02/2025","Τετάρτη","12:00","Παραγωγή Υψηλών Τάσεων","Παραγωγή Υψηλών Τάσεων","4","7","Ροή","Ζ","17",""
"Κανονική","2025","05/02/2025","Τετάρτη","12:00","Προηγμένες Τεχνολογίες Κινητού Υπολογισμού","Προηγμένες Τεχνολογίες Κινητού Υπολογισμού","5","9","Ροή","Τ","17",""
"Κανονική","2025","05/02/2025","Τετάρτη","15:00","Εισαγωγή στη Σχεδίαση Συστημάτων VLSI","Εισαγωγή στη Σχεδίαση Συστημάτων VLSI","4","7","Ροή","Η","17",""
"Κανονική","2025","06/02/2025","Πέμπτη","08:30","Φιλοσοφία","Φιλοσοφία","1","1","Ανθρωπιστικό","—","18",""
"Κανονική","2025","06/02/2025","Πέμπτη","08:30","Ιστορία των Επιστημονικών & Φιλοσοφικών Ιδεών","Ιστορία των Επιστημονικών & Φιλοσοφικών Ιδεών","4","8","Ανθρωπιστικό","—","18",""
"Κανονική","2025","06/02/2025","Πέμπτη","08:30","Κοινωνιολογία της Επιστήμης και της Τεχνολογίας","Κοινωνιολογία της Επιστήμης και της Τεχνολογίας","4","8","Ανθρωπιστικό","—","18",""
"Κανονική","2025","06/02/2025","Πέμπτη","08:30","Ειδικά Θέματα Ηλεκτρομαγνητισμού","Ειδικά Θέματα Ηλεκτρομαγνητισμού","5","9","Ροή","Τ","18",""
"Κανονική","2025","06/02/2025","Πέμπτη","12:00","Τεχνολογία Λογισμικού","Τεχνολογία Λογισμικού","4","7","Ροή","Λ","18",""
"Κανονική","2025","06/02/2025","Πέμπτη","12:00","Αυτόματος Έλεγχος και Ευστάθεια ΣΗΕ","Αυτόματος Έλεγχος και Ευστάθεια ΣΗΕ","5","9","Ροή","Ε","18",""
"Κανονική","2025","06/02/2025","Πέμπτη","15:00","Φυσική, Τεχνολογία & Χρήσεις των Φωτοβολταϊκών","Φυσική, Τεχνολογία & Χρήσεις των Φωτοβολταϊκών","5","9","Ροή","Η","18",""
"Κανονική","2025","07/02/2025","Παρασκευή","08:30","Εισαγωγή στις Τηλεπικοινωνίες","Εισαγωγή στις Τηλεπικοινωνίες","3","5","Κορμός","—","19",""
"Κανονική","2025","07/02/2025","Παρασκευή","12:00","Προχωρημένες Τεχνικές Συστημάτων Αυτομάτου Ελέγχου","Προχωρημένες Τεχνικές Συστημάτων Αυτομάτου Ελέγχου","4","7","Ροή","Σ","19",""
"Κανονική","2025","07/02/2025","Παρασκευή","12:00","Ανάλυση Κοινωνικών Δικτύων","Ανάλυση Κοινωνικών Δικτύων","5","9","Ροή","Δ","19",""
"Κανονική","2025","07/02/2025","Παρασκευή","15:00","Συστήματα Αποφάσεων","Συστήματα Αποφάσεων","4","7","Ροή","Ο","19",""
"Κανονική","2025","07/02/2025","Παρασκευή","15:00","Ανάλυση & Σχεδιασμός Πληροφοριακών Συστημάτων","Ανάλυση & Σχεδιασμός Πληροφοριακών Συστημάτων","5","9","Ροή","Λ","19",""
"Κανονική","2026","19/01/2026","Δευτέρα","08:30","Ηλεκτρολογικό Σχέδιο","Ηλεκτρολογικό Σχέδιο","4","7","Λοιπό","—","1",""
"Κανονική","2026","19/01/2026","Δευτέρα","12:00","Συστήματα Αξιολόγησης & Διαχείρισης Έργων","Συστήματα Αξιολόγησης & Διαχείρισης Έργων","5","9","Ροή","Ο","1",""
"Κανονική","2026","19/01/2026","Δευτέρα","15:00","Προσομοίωση Φυσιολογικών Συστημάτων","Προσομοίωση Φυσιολογικών Συστημάτων","5","9","Ροή","Ι","1",""
"Κανονική","2026","20/01/2026","Τρίτη","08:30","Φυσική Ι (Μηχανική)","Φυσική Ι (Μηχανική)","1","1","Κορμός","—","2",""
"Κανονική","2026","20/01/2026","Τρίτη","12:00","Προηγμένα Θέματα Τεχνητής Νοημοσύνης","Προηγμένα Θέματα Τεχνητής Νοημοσύνης","5","9","Ροή","Λ","2",""
"Κανονική","2026","20/01/2026","Τρίτη","15:00","Ανάλυση ΣΗΕ (Μόνιμη Κατάσταση)","Ανάλυση ΣΗΕ (Μόνιμη Κατάσταση)","4","7","Ροή","Ε","2",""
"Κανονική","2026","20/01/2026","Τρίτη","15:00","Οπτικά Δίκτυα Επικοινωνίας","Οπτικά Δίκτυα Επικοινωνίας","5","9","Ροή","Δ","2",""
"Κανονική","2026","21/01/2026","Τετάρτη","08:30","Ηλεκτρικές Μετρήσεις","Ηλεκτρικές Μετρήσεις","2","3","Κορμός","—","3",""
"Κανονική","2026","21/01/2026","Τετάρτη","08:30","Τεχνολογία Πολυμέσων","Τεχνολογία Πολυμέσων","4","7","Ροή","Υ","3",""
"Κανονική","2026","21/01/2026","Τετάρτη","12:00","Μετρήσεις & Έλεγχοι στη Βιοϊατρική Τεχνολογία","Μετρήσεις & Έλεγχοι στη Βιοϊατρική Τεχνολογία","4","7","Ροή","Ι","3",""
"Κανονική","2026","21/01/2026","Τετάρτη","12:00","Ανανεώσιμες Πηγές Ενέργειας","Ανανεώσιμες Πηγές Ενέργειας","5","9","Ροή","Ε","3",""
"Κανονική","2026","21/01/2026","Τετάρτη","15:00","Νευροασαφής Έλεγχος και Εφαρμογές","Νευροασαφής Έλεγχος και Εφαρμογές","5","9","Ροή","Σ","3",""
"Κανονική","2026","22/01/2026","Πέμπτη","08:30","Ηλεκτρομαγνητικά Πεδία Β","Ηλεκτρομαγνητικά Πεδία Β","3","5","Κορμός","—","4","Α–Λ στις 08:30, Μ–Ω στις 12:00"
"Κανονική","2026","22/01/2026","Πέμπτη","12:00","Ηλεκτρομαγνητικά Πεδία Β","Ηλεκτρομαγνητικά Πεδία Β","3","5","Κορμός","—","4","Α–Λ στις 08:30, Μ–Ω στις 12:00"
"Κανονική","2026","22/01/2026","Πέμπτη","12:00","Φωτονική Τεχνολογία στις Τηλεπικοινωνίες","Φωτονική Τεχνολογία στις Τηλεπικοινωνίες","4","7","Ροή","Τ","4",""
"Κανονική","2026","22/01/2026","Πέμπτη","15:00","Διοίκηση Παραγωγής & Συστημάτων Υπηρεσιών","Διοίκηση Παραγωγής & Συστημάτων Υπηρεσιών","4","7","Ροή","Ο","4",""
"Κανονική","2026","22/01/2026","Πέμπτη","18:00","Αναγνώριση Προτύπων","Αναγνώριση Προτύπων","5","9","Ροή","Σ","4",""
"Κανονική","2026","23/01/2026","Παρασκευή","08:30","Προγραμματισμός Ηλεκτρονικών Υπολογιστών","Προγραμματισμός Ηλεκτρονικών Υπολογιστών","1","1","Κορμός","—","5",""
"Κανονική","2026","23/01/2026","Παρασκευή","12:00","Δίκτυα Υπολογιστών","Δίκτυα Υπολογιστών","4","7","Ροή","Δ","5",""
"Κανονική","2026","23/01/2026","Παρασκευή","15:00","Βιοϊατρική Οργανολογία & Τεχνικές","Βιοϊατρική Οργανολογία & Τεχνικές","4","7","Ροή","Ι","5",""
"Κανονική","2026","23/01/2026","Παρασκευή","15:00","Συστήματα Κινητών Τηλεπικοινωνιών","Συστήματα Κινητών Τηλεπικοινωνιών","5","9","Ροή","Τ","5",""
"Κανονική","2026","26/01/2026","Δευτέρα","08:30","Σήματα και Συστήματα","Σήματα και Συστήματα","2","3","Κορμός","—","6",""
"Κανονική","2026","26/01/2026","Δευτέρα","12:00","Μηχανική Μάθηση","Μηχανική Μάθηση","4","7","Ροή","Λ","6",""
"Κανονική","2026","26/01/2026","Δευτέρα","15:00","Διάδοση σε Ιονισμένα Μέσα","Διάδοση σε Ιονισμένα Μέσα","4","7","Ροή","Τ","6","Συνεννόηση με διδάσκοντα"
"Κανονική","2026","26/01/2026","Δευτέρα","15:00","Διαχείριση Ενέργειας & Περιβαλλοντική Πολιτική","Διαχείριση Ενέργειας & Περιβαλλοντική Πολιτική","5","9","Ροή","Ε","6",""
"Κανονική","2026","27/01/2026","Τρίτη","08:30","Εισαγωγή στον Αυτόματο Έλεγχο","Εισαγωγή στον Αυτόματο Έλεγχο","3","5","Κορμός","—","7",""
"Κανονική","2026","27/01/2026","Τρίτη","12:00","Ηλεκτρονική Ισχύος ΙΙ","Ηλεκτρονική Ισχύος ΙΙ","4","7","Ροή","Ζ","7",""
"Κανονική","2026","27/01/2026","Τρίτη","12:00","Προχωρημένα Θέματα Βάσεων Δεδομένων","Προχωρημένα Θέματα Βάσεων Δεδομένων","5","9","Ροή","Λ","7",""
"Κανονική","2026","27/01/2026","Τρίτη","15:00","Μοντέλα μαθηματικού προγραμματισμού","Μοντέλα μαθηματικού προγραμματισμού","4","7","Ροή","Ο","7",""
"Κανονική","2026","27/01/2026","Τρίτη","15:00","Υλικά και Διατάξεις Προηγμένης Τεχνολογίας","Υλικά και Διατάξεις Προηγμένης Τεχνολογίας","4","8","Ροή","Η","7",""
"Κανονική","2026","28/01/2026","Τετάρτη","08:30","Μαθηματική Ανάλυση (Συναρτήσεις μιας Μεταβλητής)","Μαθηματική Ανάλυση (Συναρτήσεις μιας Μεταβλητής)","1","1","Κορμός","—","8",""
"Κανονική","2026","28/01/2026","Τετάρτη","12:00","Αλληλεπίδραση Ανθρώπου-Υπολογιστή","Αλληλεπίδραση Ανθρώπου-Υπολογιστή","4","7","Ροή","Υ","8",""
"Κανονική","2026","28/01/2026","Τετάρτη","12:00","Δορυφορικές Επικοινωνίες","Δορυφορικές Επικοινωνίες","5","9","Ροή","Τ","8",""
"Κανονική","2026","28/01/2026","Τετάρτη","15:00","Σχεδιασμός Ενσωματωμένων Συστημάτων","Σχεδιασμός Ενσωματωμένων Συστημάτων","5","9","Ροή","Υ","8",""
"Κανονική","2026","29/01/2026","Πέμπτη","08:30","Οργάνωση και Διοίκηση","Οργάνωση και Διοίκηση","2","3","Κορμός","—","9",""
"Κανονική","2026","29/01/2026","Πέμπτη","12:00","Πολιτική Οικονομία","Πολιτική Οικονομία","2","3","Κορμός","—","9",""
"Κανονική","2026","29/01/2026","Πέμπτη","12:00","Τηλεπικοινωνιακή Ηλεκτρονική","Τηλεπικοινωνιακή Ηλεκτρονική","5","9","Ροή","Η","9",""
"Κανονική","2026","29/01/2026","Πέμπτη","15:00","Αγγλική Γλώσσα","Αγγλική Γλώσσα","2","3","Κορμός","—","9",""
"Κανονική","2026","29/01/2026","Πέμπτη","15:00","Ποιοτικός Έλεγχος Εξοπλισμού Βιομηχανικών Εγκαταστάσεων & Υλικών","Ποιοτικός Έλεγχος Εξοπλισμού Βιομηχανικών Εγκαταστάσεων & Υλικών","5","9","Ροή","Ζ","9",""
"Κανονική","2026","02/02/2026","Δευτέρα","08:30","Εισαγωγή στα Συστήματα Ηλεκτρικής Ενέργειας","Εισαγωγή στα Συστήματα Ηλεκτρικής Ενέργειας","3","5","Κορμός","—","10",""
"Κανονική","2026","02/02/2026","Δευτέρα","12:00","Ηλεκτρονική ΙΙΙ","Ηλεκτρονική ΙΙΙ","4","7","Ροή","Η","10",""
"Κανονική","2026","02/02/2026","Δευτέρα","12:00","Διαχείριση Δικτύων - Ευφυή Δίκτυα","Διαχείριση Δικτύων - Ευφυή Δίκτυα","5","9","Ροή","Δ","10",""
"Κανονική","2026","02/02/2026","Δευτέρα","15:00","Πυρηνική Φυσική και Στοιχ. Σωματίδια","Πυρηνική Φυσική και Στοιχ. Σωματίδια","4","7","Ροή","Φ","10",""
"Κανονική","2026","02/02/2026","Δευτέρα","15:00","Προστασία Ηλεκτρικών Εγκαταστάσεων από Υπερτάσεις","Προστασία Ηλεκτρικών Εγκαταστάσεων από Υπερτάσεις","5","9","Ροή","Ζ","10",""
"Κανονική","2026","03/02/2026","Τρίτη","08:30","Θεμελιώδη Θέματα Επιστήμης Υπολογιστών","Θεμελιώδη Θέματα Επιστήμης Υπολογιστών","3","5","Κορμός","—","11",""
"Κανονική","2026","03/02/2026","Τρίτη","12:00","Δίκτυα Ευρείας Ζώνης","Δίκτυα Ευρείας Ζώνης","5","9","Ροή","Δ","11",""
"Κανονική","2026","03/02/2026","Τρίτη","15:00","Ευέλικτα Συστήματα Μεταφοράς Ηλεκτρικής Ενέργειας","Ευέλικτα Συστήματα Μεταφοράς Ηλεκτρικής Ενέργειας","4","7","Ροή","Ε","11",""
"Κανονική","2026","03/02/2026","Τρίτη","15:00","Κατανεμημένα Συστήματα","Κατανεμημένα Συστήματα","5","9","Ροή","Υ","11",""
"Κανονική","2026","04/02/2026","Τετάρτη","08:30","Λογική Σχεδίαση Ψηφιακών Συστημάτων","Λογική Σχεδίαση Ψηφιακών Συστημάτων","1","1","Κορμός","—","12",""
"Κανονική","2026","04/02/2026","Τετάρτη","12:00","Αλγόριθμοι και Πολυπλοκότητα","Αλγόριθμοι και Πολυπλοκότητα","4","7","Ροή","Λ","12",""
"Κανονική","2026","04/02/2026","Τετάρτη","15:00","Υπολογιστικές Τεχνικές για Συστήματα Μετάδοσης Πληροφορίας","Υπολογιστικές Τεχνικές για Συστήματα Μετάδοσης Πληροφορίας","4","7","Ροή","Τ","12",""
"Κανονική","2026","04/02/2026","Τετάρτη","15:00","Εγκατάσταση Διαχείριση & Ποιοτικός Έλεγχος Ιατρικών & Νοσοκομειακών Συστημάτων","Εγκατάσταση Διαχείριση & Ποιοτικός Έλεγχος Ιατρικών & Νοσοκομειακών Συστημάτων","5","9","Ροή","Ι","12",""
"Κανονική","2026","05/02/2026","Πέμπτη","08:30","Βιομηχανική Ηλεκτρονική","Βιομηχανική Ηλεκτρονική","3","5","Κορμός","—","13",""
"Κανονική","2026","05/02/2026","Πέμπτη","12:00","Ηλεκτρικές Μηχανές ΙΙ","Ηλεκτρικές Μηχανές ΙΙ","4","7","Ροή","Ζ","13",""
"Κανονική","2026","05/02/2026","Πέμπτη","12:00","Κρυπτογραφία","Κρυπτογραφία","5","9","Ροή","Λ","13",""
"Κανονική","2026","05/02/2026","Πέμπτη","15:00","Επεξεργασία & Ανάλυση Ιατρικών Σημάτων","Επεξεργασία & Ανάλυση Ιατρικών Σημάτων","4","7","Ροή","Ι","13",""
"Κανονική","2026","05/02/2026","Πέμπτη","15:00","Προστασία Συστημάτων Ηλεκτρικής Ενέργειας","Προστασία Συστημάτων Ηλεκτρικής Ενέργειας","5","9","Ροή","Ε","13",""
"Κανονική","2026","06/02/2026","Παρασκευή","08:30","Εισαγωγικό Εργαστήριο Ηλεκτρονικής και Τηλεπικοινωνιών","Εισαγωγικό Εργαστήριο Ηλεκτρονικής και Τηλεπικοινωνιών","2","3","Κορμός","—","14",""
"Κανονική","2026","06/02/2026","Παρασκευή","08:30","Εργαστήριο Μικροϋπολογιστών","Εργαστήριο Μικροϋπολογιστών","4","7","Ροή","Υ","14","Συνεννόηση με διδάσκοντα"
"Κανονική","2026","06/02/2026","Παρασκευή","08:30","Οικονομική & Αξιόπιστη Λειτουργία ΣΗΕ","Οικονομική & Αξιόπιστη Λειτουργία ΣΗΕ","5","9","Ροή","Ε","14",""
"Κανονική","2026","06/02/2026","Παρασκευή","12:00","Θεωρία Πληροφορίας","Θεωρία Πληροφορίας","5","9","Ροή","Δ","14",""
"Κανονική","2026","06/02/2026","Παρασκευή","15:00","Μικροηλεκτρονική και Τεχνικές Συσκευασίας","Μικροηλεκτρονική και Τεχνικές Συσκευασίας","4","7","Ροή","Η","14",""
"Κανονική","2026","06/02/2026","Παρασκευή","15:00","Μαγνητικά Υλικά & Εφαρμογές","Μαγνητικά Υλικά & Εφαρμογές","5","9","Ροή","Η","14",""
"Κανονική","2026","09/02/2026","Δευτέρα","08:30","Γραμμική Άλγεβρα","Γραμμική Άλγεβρα","1","1","Κορμός","—","15",""
"Κανονική","2026","09/02/2026","Δευτέρα","12:00","Εργαστήριο Λειτουργικών Συστημάτων","Εργαστήριο Λειτουργικών Συστημάτων","4","7","Ροή","Υ","15",""
"Κανονική","2026","09/02/2026","Δευτέρα","12:00","Κατασκευή Ηλεκτρικών Μηχανών","Κατασκευή Ηλεκτρικών Μηχανών","5","9","Ροή","Ζ","15",""
"Κανονική","2026","09/02/2026","Δευτέρα","15:00","Κεραίες","Κεραίες","4","7","Ροή","Τ","15",""
"Κανονική","2026","09/02/2026","Δευτέρα","15:00","Παίγνια Αποφάσεων","Παίγνια Αποφάσεων","5","9","Ροή","Ο","15",""
"Κανονική","2026","10/02/2026","Τρίτη","08:30","Αρχιτεκτονική Υπολογιστών","Αρχιτεκτονική Υπολογιστών","3","5","Κορμός","—","16",""
"Κανονική","2026","10/02/2026","Τρίτη","12:00","Συστήματα Ραντάρ & Τηλεπισκόπηση","Συστήματα Ραντάρ & Τηλεπισκόπηση","5","9","Ροή","Τ","16",""
"Κανονική","2026","10/02/2026","Τρίτη","15:00","Ρομποτική Ι","Ρομποτική Ι: Ανάλυση-Έλεγχος-Εργαστήριο","4","7","Ροή","Σ","16",""
"Κανονική","2026","10/02/2026","Τρίτη","15:00","Συστήματα Παράλληλης Επεξεργασίας","Συστήματα Παράλληλης Επεξεργασίας","5","9","Ροή","Υ","16",""
"Κανονική","2026","11/02/2026","Τετάρτη","08:30","Θεωρία Πιθανοτήτων & Στατιστική","Θεωρία Πιθανοτήτων & Στατιστική","2","3","Κορμός","—","17",""
"Κανονική","2026","11/02/2026","Τετάρτη","12:00","Παραγωγή Υψηλών Τάσεων","Παραγωγή Υψηλών Τάσεων","4","7","Ροή","Ζ","17",""
"Κανονική","2026","11/02/2026","Τετάρτη","12:00","Προηγμένες Τεχνολογίες Κινητού Υπολογισμού","Προηγμένες Τεχνολογίες Κινητού Υπολογισμού","5","9","Ροή","Τ","17",""
"Κανονική","2026","11/02/2026","Τετάρτη","15:00","Εισαγωγή στη Σχεδίαση Συστημάτων VLSI","Εισαγωγή στη Σχεδίαση Συστημάτων VLSI","4","7","Ροή","Η","17",""
"Κανονική","2026","12/02/2026","Πέμπτη","08:30","Φιλοσοφία","Φιλοσοφία","1","1","Ανθρωπιστικό","—","18",""
"Κανονική","2026","12/02/2026","Πέμπτη","08:30","Ιστορία των Επιστημονικών & Φιλοσοφικών Ιδεών","Ιστορία των Επιστημονικών & Φιλοσοφικών Ιδεών","4","8","Ανθρωπιστικό","—","18",""
"Κανονική","2026","12/02/2026","Πέμπτη","08:30","Κοινωνιολογία της Επιστήμης και της Τεχνολογίας","Κοινωνιολογία της Επιστήμης και της Τεχνολογίας","4","8","Ανθρωπιστικό","—","18",""
"Κανονική","2026","12/02/2026","Πέμπτη","08:30","Ειδικά Θέματα Ηλεκτρομαγνητισμού","Ειδικά Θέματα Ηλεκτρομαγνητισμού","5","9","Ροή","Τ","18",""
"Κανονική","2026","12/02/2026","Πέμπτη","12:00","Τεχνολογία Λογισμικού","Τεχνολογία Λογισμικού","4","7","Ροή","Λ","18",""
"Κανονική","2026","12/02/2026","Πέμπτη","12:00","Αυτόματος Έλεγχος και Ευστάθεια ΣΗΕ","Αυτόματος Έλεγχος και Ευστάθεια ΣΗΕ","5","9","Ροή","Ε","18",""
"Κανονική","2026","12/02/2026","Πέμπτη","15:00","Φυσική, Τεχνολογία & Χρήσεις των Φωτοβολταϊκών","Φυσική, Τεχνολογία & Χρήσεις των Φωτοβολταϊκών","5","9","Ροή","Η","18",""
"Κανονική","2026","13/02/2026","Παρασκευή","08:30","Εισαγωγή στις Τηλεπικοινωνίες","Εισαγωγή στις Τηλεπικοινωνίες","3","5","Κορμός","—","19",""
"Κανονική","2026","13/02/2026","Παρασκευή","12:00","Προχωρημένες Τεχνικές Συστημάτων Αυτομάτου Ελέγχου","Προχωρημένες Τεχνικές Συστημάτων Αυτομάτου Ελέγχου","4","7","Ροή","Σ","19",""
"Κανονική","2026","13/02/2026","Παρασκευή","12:00","Ανάλυση Κοινωνικών Δικτύων","Ανάλυση Κοινωνικών Δικτύων","5","9","Ροή","Δ","19",""
"Κανονική","2026","13/02/2026","Παρασκευή","15:00","Συστήματα Αποφάσεων","Συστήματα Αποφάσεων","4","7","Ροή","Ο","19",""
"Κανονική","2026","13/02/2026","Παρασκευή","15:00","Ανάλυση & Σχεδιασμός Πληροφοριακών Συστημάτων","Ανάλυση & Σχεδιασμός Πληροφοριακών Συστημάτων","5","9","Ροή","Λ","19",""
"Επί πτυχίω","2024","01/04/2024","Δευτέρα","08:30","Δίκτυα Διανομής Ηλεκτρικής Ενέργειας","Δίκτυα Διανομής Ηλεκτρικής Ενέργειας","4","8","Ροή","Ε","1","Συνεννόηση με διδάσκοντα"
"Επί πτυχίω","2024","01/04/2024","Δευτέρα","12:00","Εργαστήριο Βιοϊατρικής Τεχνολογίας","Εργαστήριο Βιοϊατρικής Τεχνολογίας","3","6","Ροή","Ι","1","Συνεννόηση με διδάσκοντα"
"Επί πτυχίω","2024","01/04/2024","Δευτέρα","12:00","Ηλεκτρομαγνητική Συμβατότητα","Ηλεκτρομαγνητική Συμβατότητα","4","8","Ροή","Τ","1","Συνεννόηση με διδάσκοντα"
"Επί πτυχίω","2024","01/04/2024","Δευτέρα","15:00","Τεχνητή Νοημοσύνη","Τεχνητή Νοημοσύνη","3","6","Ροή","Λ","1","Συνεννόηση με διδάσκοντα"
"Επί πτυχίω","2024","01/04/2024","Δευτέρα","15:00","Συστήματα Χρηματοοικονομικής Διοίκησης","Συστήματα Χρηματοοικονομικής Διοίκησης","4","8","Ροή","Ο","1","Συνεννόηση με διδάσκοντα"
"Επί πτυχίω","2024","01/04/2024","Δευτέρα","18:00","Διαφορικές Εξισώσεις","Διαφορικές Εξισώσεις","1","2","Κορμός","—","1",""
"Επί πτυχίω","2024","01/04/2024","Δευτέρα","18:00","Συστήματα Μικροϋπολογιστών","Συστήματα Μικροϋπολογιστών","3","6","Ροή","Υ","1",""
"Επί πτυχίω","2024","02/04/2024","Τρίτη","08:30","Διατάξεις Ημιαγωγών","Διατάξεις Ημιαγωγών","3","6","Ροή","Η","2","Συνεννόηση με διδάσκοντα"
"Επί πτυχίω","2024","02/04/2024","Τρίτη","08:30","Ρομποτική ΙΙ - Ευφυή Ρομποτικά Συστήματα","Ρομποτική ΙΙ - Ευφυή Ρομποτικά Συστήματα","4","8","Ροή","Σ","2","Συνεννόηση με διδάσκοντα"
"Επί πτυχίω","2024","02/04/2024","Τρίτη","12:00","Ψηφιακές Επικοινωνίες Ι","Ψηφιακές Επικοινωνίες Ι","3","6","Ροή","Δ","2","Συνεννόηση με διδάσκοντα"
"Επί πτυχίω","2024","02/04/2024","Τρίτη","12:00","Εφαρμογές της Λογικής στην Πληροφορική","Εφαρμογές της Λογικής στην Πληροφορική","4","8","Ροή","Μ","2","Συνεννόηση με διδάσκοντα"
"Επί πτυχίω","2024","02/04/2024","Τρίτη","15:00","Τεχνολογική Οικονομική","Τεχνολογική Οικονομική","3","6","Λοιπό","—","2","Συνεννόηση με διδάσκοντα"
"Επί πτυχίω","2024","02/04/2024","Τρίτη","15:00","Εποπτεία και Διαχείριση Ενεργειακών Συστημάτων","Εποπτεία και Διαχείριση Ενεργειακών Συστημάτων","4","8","Ροή","Ε","2","Συνεννόηση με διδάσκοντα"
"Επί πτυχίω","2024","02/04/2024","Τρίτη","18:00","Στοχαστικά Συστήματα και Επικοινωνίες","Στοχαστικά Συστήματα και Επικοινωνίες","2","4","Κορμός","—","2",""
"Επί πτυχίω","2024","03/04/2024","Τετάρτη","08:30","Φυσική Συμπυκνωμένης Ύλης","Φυσική Συμπυκνωμένης Ύλης","3","6","Ροή","Φ","3","Συνεννόηση με διδάσκοντα"
"Επί πτυχίω","2024","03/04/2024","Τετάρτη","08:30","Πολυδιάστατα Συστήματα","Πολυδιάστατα Συστήματα","4","8","Λοιπό","—","3","Συνεννόηση με διδάσκοντα"
"Επί πτυχίω","2024","03/04/2024","Τετάρτη","12:00","Ασφάλεια Δικτύων Υπολογιστών","Ασφάλεια Δικτύων Υπολογιστών","4","8","Ροή","Δ","3","Συνεννόηση με διδάσκοντα"
"Επί πτυχίω","2024","03/04/2024","Τετάρτη","15:00","Τεχνολογίες Πληροφορίας και Κοινωνία","Τεχνολογίες Πληροφορίας και Κοινωνία","4","8","Ανθρωπιστικό","—","3","Συνεννόηση με διδάσκοντα"
"Επί πτυχίω","2024","03/04/2024","Τετάρτη","18:00","Διακριτά Μαθηματικά","Διακριτά Μαθηματικά","2","4","Κορμός","—","3","Συνεννόηση με διδάσκοντα"
"Επί πτυχίω","2024","03/04/2024","Τετάρτη","18:00","Παραγωγή Ηλεκτρικής Ενέργειας","Παραγωγή Ηλεκτρικής Ενέργειας","3","6","Ροή","Ε","3",""
"Επί πτυχίω","2024","03/04/2024","Τετάρτη","18:00","Νευρωνικά Δίκτυα και Βαθιά Μάθηση","Νευρωνικά Δίκτυα και Βαθιά Μάθηση","4","8","Ροή","Υ","3",""
"Επί πτυχίω","2024","04/04/2024","Πέμπτη","08:30","Εργαστήριο Ψηφιακών Συστημάτων","Εργαστήριο Ψηφιακών Συστημάτων","3","6","Ροή","Υ","4","Συνεννόηση με διδάσκοντα"
"Επί πτυχίω","2024","04/04/2024","Πέμπτη","08:30","Εισαγωγή στη Φυσική και την Τεχνολογία της Ελεγχόμενης Θερμοπυρηνικής Σύντηξης","Εισαγωγή στη Φυσική και την Τεχνολογία της Ελεγχόμενης Θερμοπυρηνικής Σύντηξης","4","8","Ροή","Φ","4","Συνεννόηση με διδάσκοντα"
"Επί πτυχίω","2024","04/04/2024","Πέμπτη","12:00","Συστήματα Διοίκησης","Συστήματα Διοίκησης","3","6","Ροή","Ο","4","Συνεννόηση με διδάσκοντα"
"Επί πτυχίω","2024","04/04/2024","Πέμπτη","12:00","Διοίκηση της Ψηφιακής Επιχείρησης","Διοίκηση της Ψηφιακής Επιχείρησης","4","8","Ροή","Ο","4","Συνεννόηση με διδάσκοντα"
"Επί πτυχίω","2024","04/04/2024","Πέμπτη","15:00","Αγγλική Γλώσσα","Αγγλική Γλώσσα","2","3","Κορμός","—","4",""
"Επί πτυχίω","2024","04/04/2024","Πέμπτη","15:00","Γαλλική Γλώσσα","Γαλλική Γλώσσα","2","3","Κορμός","—","4","Συνεννόηση με διδάσκοντα"
"Επί πτυχίω","2024","04/04/2024","Πέμπτη","15:00","Εφαρμοσμένος και Υπολογιστικός Ηλεκτρομαγνητισμός","Εφαρμοσμένος και Υπολογιστικός Ηλεκτρομαγνητισμός","3","6","Λοιπό","—","4",""
"Επί πτυχίω","2024","04/04/2024","Πέμπτη","15:00","Τεχνολογία & Ανάλυση Εικόνων και Βίντεο","Τεχνολογία & Ανάλυση Εικόνων και Βίντεο","4","8","Ροή","Υ","4","Συνεννόηση με διδάσκοντα"
"Επί πτυχίω","2024","04/04/2024","Πέμπτη","18:00","Μαθηματική Ανάλυση (Συναρτήσεις Πολλών Μεταβλητών)","Μαθηματική Ανάλυση (Συναρτήσεις Πολλών Μεταβλητών)","1","2","Κορμός","—","4","Συνεννόηση με διδάσκοντα"
"Επί πτυχίω","2024","04/04/2024","Πέμπτη","18:00","Διαδίκτυο & Εφαρμογές","Διαδίκτυο & Εφαρμογές","4","8","Ροή","Δ","4",""
"Επί πτυχίω","2024","05/04/2024","Παρασκευή","08:30","Αστική Κοινωνιολογία","Αστική Κοινωνιολογία","4","8","Ανθρωπιστικό","—","5","Συνεννόηση με διδάσκοντα"
"Επί πτυχίω","2024","05/04/2024","Παρασκευή","12:00","Φυσική και Τεχνολογία των Λέιζερ","Φυσική και Τεχνολογία των Λέιζερ","3","6","Ροή","Φ","5","Συνεννόηση με διδάσκοντα"
"Επί πτυχίω","2024","05/04/2024","Παρασκευή","12:00","Ψηφιακά Συστήματα VLSI","Ψηφιακά Συστήματα VLSI","4","8","Ροή","Υ","5","Συνεννόηση με διδάσκοντα"
"Επί πτυχίω","2024","05/04/2024","Παρασκευή","15:00","Ηλεκτρονική ΙΙ","Ηλεκτρονική ΙΙ","3","6","Ροή","Η","5","Συνεννόηση με διδάσκοντα"
"Επί πτυχίω","2024","05/04/2024","Παρασκευή","15:00","Θεωρία Γραφημάτων","Θεωρία Γραφημάτων","4","8","Ροή","Μ","5","Συνεννόηση με διδάσκοντα"
"Επί πτυχίω","2024","05/04/2024","Παρασκευή","18:00","Μηχανική","Μηχανική","1","2","Κορμός","—","5",""
"Επί πτυχίω","2024","05/04/2024","Παρασκευή","18:00","Δίκτυα Επικοινωνιών","Δίκτυα Επικοινωνιών","2","4","Κορμός","—","5",""
"Επί πτυχίω","2024","05/04/2024","Παρασκευή","18:00","Προηγμένα Θέματα Αρχιτεκτονικής Υπολογιστών","Προηγμένα Θέματα Αρχιτεκτονικής Υπολογιστών","4","8","Ροή","Υ","5",""
"Επί πτυχίω","2024","08/04/2024","Δευτέρα","08:30","Μαθηματική Λογική για Υπολογιστές","Μαθηματική Λογική για Υπολογιστές","3","6","Ροή","Μ","6","Συνεννόηση με διδάσκοντα"
"Επί πτυχίω","2024","08/04/2024","Δευτέρα","08:30","Ιατρική Απεικόνιση & Ψηφιακή Επεξεργασία Ιατρικής Εικόνας","Ιατρική Απεικόνιση & Ψηφιακή Επεξεργασία Ιατρικής Εικόνας","4","8","Ροή","Ι","6","Συνεννόηση με διδάσκοντα"
"Επί πτυχίω","2024","08/04/2024","Δευτέρα","12:00","Συστήματα Αναμονής","Συστήματα Αναμονής","3","6","Ροή","Δ","6","Συνεννόηση με διδάσκοντα"
"Επί πτυχίω","2024","08/04/2024","Δευτέρα","12:00","Τεχνολογίες Ανάπτυξης Υπηρεσιών Λογισμικού","Τεχνολογίες Ανάπτυξης Υπηρεσιών Λογισμικού","4","8","Ροή","Λ","6","Συνεννόηση με διδάσκοντα"
"Επί πτυχίω","2024","08/04/2024","Δευτέρα","15:00","Εφαρμοσμένα Μαθηματικά - Λογισμός Μεταβολών","Εφαρμοσμένα Μαθηματικά - Λογισμός Μεταβολών","4","8","Ροή","Μ","6","Συνεννόηση με διδάσκοντα"
"Επί πτυχίω","2024","08/04/2024","Δευτέρα","18:00","Θεωρία Δικτύων και Κυκλωμάτων","Θεωρία Δικτύων και Κυκλωμάτων","3","6","Λοιπό","—","6",""
"Επί πτυχίω","2024","08/04/2024","Δευτέρα","18:00","Συστήματα Ελέγχου Ηλ. Μηχανών","Συστήματα Ελέγχου Ηλ. Μηχανών","4","8","Ροή","Ζ","6",""
"Επί πτυχίω","2024","09/04/2024","Τρίτη","08:30","Σχεδίαση Αναλογικών Μικροηλεκτρονικών Κυκλωμάτων","Σχεδίαση Αναλογικών Μικροηλεκτρονικών Κυκλωμάτων","4","8","Ροή","Η","7","Συνεννόηση με διδάσκοντα"
"Επί πτυχίω","2024","09/04/2024","Τρίτη","12:00","Τεχνολογία Αισθητήρων και Μικροσυστημάτων","Τεχνολογία Αισθητήρων και Μικροσυστημάτων","4","8","Ροή","Η","7","Συνεννόηση με διδάσκοντα"
"Επί πτυχίω","2024","09/04/2024","Τρίτη","15:00","Συστήματα Διαμόρφωσης, Μετάδοσης και Μεταγωγής","Συστήματα Διαμόρφωσης, Μετάδοσης και Μεταγωγής","3","6","Ροή","Τ","7","Συνεννόηση με διδάσκοντα"
"Επί πτυχίω","2024","09/04/2024","Τρίτη","15:00","Ασύρματες Ζεύξεις & Διάδοση","Ασύρματες Ζεύξεις & Διάδοση","4","8","Ροή","Τ","7","Συνεννόηση με διδάσκοντα"
"Επί πτυχίω","2024","09/04/2024","Τρίτη","18:00","Ηλεκτρομαγνητικά Πεδία Α","Ηλεκτρομαγνητικά Πεδία Α","2","4","Κορμός","—","7",""
"Επί πτυχίω","2024","09/04/2024","Τρίτη","18:00","Εργαστήριο Δικτύων Υπολογιστών","Εργαστήριο Δικτύων Υπολογιστών","4","8","Ροή","Δ","7","Συνεννόηση με διδάσκοντα"
"Επί πτυχίω","2024","10/04/2024","Τετάρτη","08:30","Περιβάλλον και Ανάπτυξη","Περιβάλλον και Ανάπτυξη","4","8","Λοιπό","—","8","Συνεννόηση με διδάσκοντα"
"Επί πτυχίω","2024","10/04/2024","Τετάρτη","12:00","Εισαγωγή στην Βιοφωτονική και Κυτταρική Μηχανική","Εισαγωγή στην Βιοφωτονική και Κυτταρική Μηχανική","3","6","Ροή","Ι","8","Συνεννόηση με διδάσκοντα"
"Επί πτυχίω","2024","10/04/2024","Τετάρτη","12:00","Βιομηχανικές-Κτιριακές Ηλεκτρομηχανολογικές Εγκαταστάσεις","Βιομηχανικές-Κτιριακές Ηλεκτρομηχανολογικές Εγκαταστάσεις","4","8","Ροή","Ζ","8","Συνεννόηση με διδάσκοντα"
"Επί πτυχίω","2024","10/04/2024","Τετάρτη","15:00","Στοχαστικές Διαδικασίες","Στοχαστικές Διαδικασίες","3","6","Ροή","Μ","8","Συνεννόηση με διδάσκοντα"
"Επί πτυχίω","2024","10/04/2024","Τετάρτη","15:00","Συστήματα Μετάδοσης Οπτικών Ινών","Συστήματα Μετάδοσης Οπτικών Ινών","4","8","Ροή","Τ","8","Συνεννόηση με διδάσκοντα"
"Επί πτυχίω","2024","10/04/2024","Τετάρτη","18:00","Φυσική ΙΙ (Ηλεκτρομαγνητισμός)","Φυσική ΙΙ (Ηλεκτρομαγνητισμός)","2","4","Κορμός","—","8",""
"Επί πτυχίω","2024","10/04/2024","Τετάρτη","18:00","Αριθμητική Ανάλυση","Αριθμητική Ανάλυση","2","4","Κορμός","—","8","Συνεννόηση με διδάσκοντα"
"Επί πτυχίω","2024","11/04/2024","Πέμπτη","08:30","Λειτουργικά Συστήματα Υπολογιστών","Λειτουργικά Συστήματα Υπολογιστών","3","6","Ροή","Υ","9","Συνεννόηση με διδάσκοντα"
"Επί πτυχίω","2024","11/04/2024","Πέμπτη","08:30","Πολυκριτήρια Ανάλυση Αποφάσεων","Πολυκριτήρια Ανάλυση Αποφάσεων","4","8","Ροή","Ο","9","Συνεννόηση με διδάσκοντα"
"Επί πτυχίω","2024","11/04/2024","Πέμπτη","12:00","Μετρήσεις & Εφαρμογές Υψηλών Τάσεων","Μετρήσεις & Εφαρμογές Υψηλών Τάσεων","4","8","Ροή","Ζ","9","Συνεννόηση με διδάσκοντα"
"Επί πτυχίω","2024","11/04/2024","Πέμπτη","15:00","Μιγαδικές Συναρτήσεις","Μιγαδικές Συναρτήσεις","3","6","Ροή","Μ","9","Συνεννόηση με διδάσκοντα"
"Επί πτυχίω","2024","11/04/2024","Πέμπτη","15:00","Τεχνικές Προβλέψεων","Τεχνικές Προβλέψεων","4","8","Ροή","Ο","9","Συνεννόηση με διδάσκοντα"
"Επί πτυχίω","2024","11/04/2024","Πέμπτη","18:00","Ανάλυση Γραμμικών Κυκλωμάτων","Ανάλυση Γραμμικών Κυκλωμάτων","1","2","Κορμός","—","9",""
"Επί πτυχίω","2024","12/04/2024","Παρασκευή","08:30","Ψηφιακή Επεξεργασία Σήματος","Ψηφιακή Επεξεργασία Σήματος","3","6","Ροή","Σ","10","Συνεννόηση με διδάσκοντα"
"Επί πτυχίω","2024","12/04/2024","Παρασκευή","08:30","Όραση Υπολογιστών","Όραση Υπολογιστών","4","8","Ροή","Σ","10","Συνεννόηση με διδάσκοντα"
"Επί πτυχίω","2024","12/04/2024","Παρασκευή","12:00","Τεχνολογία Φωτισμού","Τεχνολογία Φωτισμού","3","6","Ροή","Ζ","10","Συνεννόηση με διδάσκοντα"
"Επί πτυχίω","2024","12/04/2024","Παρασκευή","12:00","Υπολογισιμότητα και Πολυπλοκότητα","Υπολογισιμότητα και Πολυπλοκότητα","4","8","Ροή","Λ","10","Συνεννόηση με διδάσκοντα"
"Επί πτυχίω","2024","12/04/2024","Παρασκευή","15:00","Οπτική Επιστήμη & Τεχνολογία","Οπτική Επιστήμη & Τεχνολογία","3","6","Ροή","Τ","10","Συνεννόηση με διδάσκοντα"
"Επί πτυχίω","2024","12/04/2024","Παρασκευή","15:00","Ειδικά Θέματα Κοινωνιολογίας","Ειδικά Θέματα Κοινωνιολογίας","4","8","Ανθρωπιστικό","—","10","Συνεννόηση με διδάσκοντα"
"Επί πτυχίω","2024","12/04/2024","Παρασκευή","15:00","Ειδικά Θέματα Φιλοσοφίας","Ειδικά Θέματα Φιλοσοφίας","4","8","Ανθρωπιστικό","—","10","Συνεννόηση με διδάσκοντα"
"Επί πτυχίω","2024","12/04/2024","Παρασκευή","18:00","Τεχνική Μηχανική","Τεχνική Μηχανική","1","2","Κορμός","—","10",""
"Επί πτυχίω","2024","12/04/2024","Παρασκευή","18:00","Σχεδίαση Συστημάτων Αυτομάτου Ελέγχου","Σχεδίαση Συστημάτων Αυτομάτου Ελέγχου","3","6","Ροή","Σ","10",""
"Επί πτυχίω","2024","12/04/2024","Παρασκευή","18:00","Θεωρία Αριθμών","Θεωρία Αριθμών","4","8","Ροή","Μ","10","Συνεννόηση με διδάσκοντα"
"Επί πτυχίω","2024","15/04/2024","Δευτέρα","08:30","Προχωρημένα Θέματα Αλγορίθμων","Προχωρημένα Θέματα Αλγορίθμων","4","8","Ροή","Λ","11","Συνεννόηση με διδάσκοντα"
"Επί πτυχίω","2024","15/04/2024","Δευτέρα","12:00","Εισαγωγή στη Βιοϊατρική Μηχανική","Εισαγωγή στη Βιοϊατρική Μηχανική","3","6","Ροή","Ι","11","Συνεννόηση με διδάσκοντα"
"Επί πτυχίω","2024","15/04/2024","Δευτέρα","12:00","Κέντρα Ελέγχου Ενέργειας","Κέντρα Ελέγχου Ενέργειας","4","8","Ροή","Ε","11","Συνεννόηση με διδάσκοντα"
"Επί πτυχίω","2024","15/04/2024","Δευτέρα","15:00","Μικροκύματα","Μικροκύματα","3","6","Ροή","Τ","11","Συνεννόηση με διδάσκοντα"
"Επί πτυχίω","2024","15/04/2024","Δευτέρα","15:00","Τεχνικές Βελτιστοποίησης & Εφαρμογές Ελέγχου","Τεχνικές Βελτιστοποίησης & Εφαρμογές Ελέγχου","4","8","Λοιπό","—","11","Συνεννόηση με διδάσκοντα"
"Επί πτυχίω","2024","15/04/2024","Δευτέρα","18:00","Κυματική και Κβαντική Φυσική","Κυματική και Κβαντική Φυσική","2","4","Κορμός","—","11",""
"Επί πτυχίω","2024","15/04/2024","Δευτέρα","18:00","Συστήματα και Τεχνολογίες Γνώσης","Συστήματα και Τεχνολογίες Γνώσης","4","8","Λοιπό","—","11","Συνεννόηση με διδάσκοντα"
"Επί πτυχίω","2024","16/04/2024","Τρίτη","08:30","Ανάλυση Πινάκων & Εφαρμογές","Ανάλυση Πινάκων & Εφαρμογές","3","6","Ροή","Μ","12","Συνεννόηση με διδάσκοντα"
"Επί πτυχίω","2024","16/04/2024","Τρίτη","12:00","Εφαρμογές των Ιοντιζουσών Ακτινοβολιών στην Ιατρική και τη Βιολογία","Εφαρμογές των Ιοντιζουσών Ακτινοβολιών στην Ιατρική και τη Βιολογία","3","6","Λοιπό","—","12","Συνεννόηση με διδάσκοντα"
"Επί πτυχίω","2024","16/04/2024","Τρίτη","12:00","Τεχνολογίες Κινητής και Ηλεκτρονικής Υγείας","Τεχνολογίες Κινητής και Ηλεκτρονικής Υγείας","4","8","Ροή","Ι","12","Συνεννόηση με διδάσκοντα"
"Επί πτυχίω","2024","16/04/2024","Τρίτη","15:00","Οικονομική Ανάλυση των Επιχειρήσεων","Οικονομική Ανάλυση των Επιχειρήσεων","3","6","Ροή","Ο","12","Συνεννόηση με διδάσκοντα"
"Επί πτυχίω","2024","16/04/2024","Τρίτη","15:00","Ανάλυση ΣΗΕ (Ασύμμετρες & Μεταβατικές Καταστάσεις)","Ανάλυση ΣΗΕ (Ασύμμετρες & Μεταβατικές Καταστάσεις)","4","8","Ροή","Ε","12","Συνεννόηση με διδάσκοντα"
"Επί πτυχίω","2024","16/04/2024","Τρίτη","18:00","Δομή και Ηλεκτρικές Ιδιότητες Υλικών","Δομή και Ηλεκτρικές Ιδιότητες Υλικών","1","2","Κορμός","—","12",""
"Επί πτυχίω","2024","16/04/2024","Τρίτη","18:00","Ηλεκτρική Οικονομία","Ηλεκτρική Οικονομία","2","4","Κορμός","—","12",""
"Επί πτυχίω","2024","16/04/2024","Τρίτη","18:00","Αλγεβρα ΙΙ και Εφαρμογές","Αλγεβρα ΙΙ και Εφαρμογές","4","8","Ροή","Μ","12","Συνεννόηση με διδάσκοντα"
"Επί πτυχίω","2024","17/04/2024","Τετάρτη","08:30","Ηλεκτρικές Μηχανές Ι","Ηλεκτρικές Μηχανές Ι","3","6","Ροή","Ζ","13","Συνεννόηση με διδάσκοντα"
"Επί πτυχίω","2024","17/04/2024","Τετάρτη","08:30","Σχεδίαση Αναλογικών Ηλεκτρονικών Συστημάτων","Σχεδίαση Αναλογικών Ηλεκτρονικών Συστημάτων","4","8","Ροή","Η","13","Συνεννόηση με διδάσκοντα"
"Επί πτυχίω","2024","17/04/2024","Τετάρτη","12:00","Αριθμητικές Μέθοδοι Διαφορικών Εξισώσεων","Αριθμητικές Μέθοδοι Διαφορικών Εξισώσεων","3","6","Ροή","Μ","13","Συνεννόηση με διδάσκοντα"
"Επί πτυχίω","2024","17/04/2024","Τετάρτη","12:00","Δίκτυα Κινητών & Προσωπικών Επικοινωνιών","Δίκτυα Κινητών & Προσωπικών Επικοινωνιών","4","8","Ροή","Δ","13","Συνεννόηση με διδάσκοντα"
"Επί πτυχίω","2024","17/04/2024","Τετάρτη","15:00","Εφαρμοσμένη Θερμοδυναμική Καθαρών Ουσιών","Εφαρμοσμένη Θερμοδυναμική Καθαρών Ουσιών","3","6","Λοιπό","—","13","Συνεννόηση με διδάσκοντα"
"Επί πτυχίω","2024","17/04/2024","Τετάρτη","15:00","Επίδοση Υπολογιστικών Συστημάτων","Επίδοση Υπολογιστικών Συστημάτων","4","8","Ροή","Υ","13","Συνεννόηση με διδάσκοντα"
"Επί πτυχίω","2024","17/04/2024","Τετάρτη","15:00","Ηλεκτρονική Ι","Ηλεκτρονική Ι","2","4","Κορμός","—","13","Συνεννόηση με διδάσκοντα"
"Επί πτυχίω","2024","17/04/2024","Τετάρτη","15:00","Γλώσσες Προγραμματισμού Ι","Γλώσσες Προγραμματισμού Ι","3","6","Ροή","Λ","13",""
"Επί πτυχίω","2024","17/04/2024","Τετάρτη","15:00","Μεταβατική Κατάσταση Λειτουργίας Ηλεκτρ. Μηχανών","Μεταβατική Κατάσταση Λειτουργίας Ηλεκτρ. Μηχανών","4","8","Ροή","Ζ","13","Συνεννόηση με διδάσκοντα"
"Επί πτυχίω","2024","18/04/2024","Πέμπτη","08:30","Μη γραμμικά Συστήματα Ελέγχου και Εφαρμογές","Μη γραμμικά Συστήματα Ελέγχου και Εφαρμογές","4","8","Ροή","Σ","14","Συνεννόηση με διδάσκοντα"
"Επί πτυχίω","2024","18/04/2024","Πέμπτη","12:00","Βάσεις Δεδομένων","Βάσεις Δεδομένων","3","6","Ροή","Λ","14","Συνεννόηση με διδάσκοντα"
"Επί πτυχίω","2024","18/04/2024","Πέμπτη","12:00","Τηλεπικοινωνίες Οπτικών Ινών","Τηλεπικοινωνίες Οπτικών Ινών","4","8","Ροή","Δ","14","Συνεννόηση με διδάσκοντα"
"Επί πτυχίω","2024","18/04/2024","Πέμπτη","15:00","Ηλεκτρονική Ισχύος Ι","Ηλεκτρονική Ισχύος Ι","3","6","Ροή","Ζ","14","Συνεννόηση με διδάσκοντα"
"Επί πτυχίω","2024","18/04/2024","Πέμπτη","15:00","Ενεργειακή Οικονομία","Ενεργειακή Οικονομία","4","8","Ροή","Ε","14","Συνεννόηση με διδάσκοντα"
"Επί πτυχίω","2024","18/04/2024","Πέμπτη","18:00","Προγραμματιστικές Τεχνικές","Προγραμματιστικές Τεχνικές","1","2","Κορμός","—","14",""
"Επί πτυχίω","2024","18/04/2024","Πέμπτη","18:00","Μεταγλωτιστές","Μεταγλωτιστές","4","8","Ροή","Λ","14","Συνεννόηση με διδάσκοντα"
"Επί πτυχίω","2025","27/01/2025","Δευτέρα","08:30","Δίκτυα Διανομής Ηλεκτρικής Ενέργειας","Δίκτυα Διανομής Ηλεκτρικής Ενέργειας","4","8","Ροή","Ε","1","Συνεννόηση με διδάσκοντα"
"Επί πτυχίω","2025","27/01/2025","Δευτέρα","12:00","Εργαστήριο Βιοϊατρικής Τεχνολογίας","Εργαστήριο Βιοϊατρικής Τεχνολογίας","3","6","Ροή","Ι","1","Συνεννόηση με διδάσκοντα"
"Επί πτυχίω","2025","27/01/2025","Δευτέρα","12:00","Ηλεκτρομαγνητική Συμβατότητα","Ηλεκτρομαγνητική Συμβατότητα","4","8","Ροή","Τ","1","Συνεννόηση με διδάσκοντα"
"Επί πτυχίω","2025","27/01/2025","Δευτέρα","15:00","Τεχνητή Νοημοσύνη","Τεχνητή Νοημοσύνη","3","6","Ροή","Λ","1","Συνεννόηση με διδάσκοντα"
"Επί πτυχίω","2025","27/01/2025","Δευτέρα","15:00","Συστήματα Χρηματοοικονομικής Διοίκησης","Συστήματα Χρηματοοικονομικής Διοίκησης","4","8","Ροή","Ο","1","Συνεννόηση με διδάσκοντα"
"Επί πτυχίω","2025","27/01/2025","Δευτέρα","18:00","Διαφορικές Εξισώσεις","Διαφορικές Εξισώσεις","1","2","Κορμός","—","1",""
"Επί πτυχίω","2025","27/01/2025","Δευτέρα","18:00","Συστήματα Μικροϋπολογιστών","Συστήματα Μικροϋπολογιστών","3","6","Ροή","Υ","1",""
"Επί πτυχίω","2025","28/01/2025","Τρίτη","08:30","Διατάξεις Ημιαγωγών","Διατάξεις Ημιαγωγών","3","6","Ροή","Η","2","Συνεννόηση με διδάσκοντα"
"Επί πτυχίω","2025","28/01/2025","Τρίτη","08:30","Ρομποτική ΙΙ - Ευφυή Ρομποτικά Συστήματα","Ρομποτική ΙΙ - Ευφυή Ρομποτικά Συστήματα","4","8","Ροή","Σ","2","Συνεννόηση με διδάσκοντα"
"Επί πτυχίω","2025","28/01/2025","Τρίτη","12:00","Ψηφιακές Επικοινωνίες Ι","Ψηφιακές Επικοινωνίες Ι","3","6","Ροή","Δ","2",""
"Επί πτυχίω","2025","28/01/2025","Τρίτη","12:00","Εφαρμογές της Λογικής στην Πληροφορική","Εφαρμογές της Λογικής στην Πληροφορική","4","8","Ροή","Μ","2","Συνεννόηση με διδάσκοντα"
"Επί πτυχίω","2025","28/01/2025","Τρίτη","15:00","Τεχνολογική Οικονομική","Τεχνολογική Οικονομική","3","6","Λοιπό","—","2","Συνεννόηση με διδάσκοντα"
"Επί πτυχίω","2025","28/01/2025","Τρίτη","15:00","Εποπτεία και Διαχείριση Ενεργειακών Συστημάτων","Εποπτεία και Διαχείριση Ενεργειακών Συστημάτων","4","8","Ροή","Ε","2","Συνεννόηση με διδάσκοντα"
"Επί πτυχίω","2025","28/01/2025","Τρίτη","18:00","Στοχαστικά Συστήματα και Επικοινωνίες","Στοχαστικά Συστήματα και Επικοινωνίες","2","4","Κορμός","—","2",""
"Επί πτυχίω","2025","29/01/2025","Τετάρτη","08:30","Φυσική Συμπυκνωμένης Ύλης","Φυσική Συμπυκνωμένης Ύλης","3","6","Ροή","Φ","3","Συνεννόηση με διδάσκοντα"
"Επί πτυχίω","2025","29/01/2025","Τετάρτη","12:00","Ασφάλεια Δικτύων Υπολογιστών","Ασφάλεια Δικτύων Υπολογιστών","4","8","Ροή","Δ","3","Συνεννόηση με διδάσκοντα"
"Επί πτυχίω","2025","29/01/2025","Τετάρτη","15:00","Αγγλική Γλώσσα","Αγγλική Γλώσσα","2","3","Κορμός","—","3",""
"Επί πτυχίω","2025","29/01/2025","Τετάρτη","15:00","Τεχνολογίες Πληροφορίας και Κοινωνία","Τεχνολογίες Πληροφορίας και Κοινωνία","4","8","Ανθρωπιστικό","—","3","Συνεννόηση με διδάσκοντα"
"Επί πτυχίω","2025","29/01/2025","Τετάρτη","18:00","Διακριτά Μαθηματικά","Διακριτά Μαθηματικά","2","4","Κορμός","—","3","Συνεννόηση με διδάσκοντα"
"Επί πτυχίω","2025","29/01/2025","Τετάρτη","18:00","Θεωρία Δικτύων και Κυκλωμάτων","Θεωρία Δικτύων και Κυκλωμάτων","3","6","Λοιπό","—","3",""
"Επί πτυχίω","2025","29/01/2025","Τετάρτη","18:00","Νευρωνικά Δίκτυα και Βαθιά Μάθηση","Νευρωνικά Δίκτυα και Βαθιά Μάθηση","4","8","Ροή","Υ","3",""
"Επί πτυχίω","2025","31/01/2025","Παρασκευή","08:30","Εργαστήριο Ψηφιακών Συστημάτων","Εργαστήριο Ψηφιακών Συστημάτων","3","6","Ροή","Υ","4","Συνεννόηση με διδάσκοντα"
"Επί πτυχίω","2025","31/01/2025","Παρασκευή","08:30","Εισαγωγή στη Φυσική και την Τεχνολογία της Ελεγχόμενης Θερμοπυρηνικής Σύντηξης","Εισαγωγή στη Φυσική και την Τεχνολογία της Ελεγχόμενης Θερμοπυρηνικής Σύντηξης","4","8","Ροή","Φ","4","Συνεννόηση με διδάσκοντα"
"Επί πτυχίω","2025","31/01/2025","Παρασκευή","12:00","Συστήματα Διαμόρφωσης, Μετάδοσης και Μεταγωγής","Συστήματα Διαμόρφωσης, Μετάδοσης και Μεταγωγής","3","6","Ροή","Τ","4","Συνεννόηση με διδάσκοντα"
"Επί πτυχίω","2025","31/01/2025","Παρασκευή","12:00","Διοίκηση της Ψηφιακής Επιχείρησης","Διοίκηση της Ψηφιακής Επιχείρησης","4","8","Ροή","Ο","4","Συνεννόηση με διδάσκοντα"
"Επί πτυχίω","2025","31/01/2025","Παρασκευή","15:00","Εφαρμοσμένος και Υπολογιστικός Ηλεκτρομαγνητισμός","Εφαρμοσμένος και Υπολογιστικός Ηλεκτρομαγνητισμός","3","6","Λοιπό","—","4","Συνεννόηση με διδάσκοντα"
"Επί πτυχίω","2025","31/01/2025","Παρασκευή","18:00","Μαθηματική Ανάλυση (Συναρτήσεις Πολλών Μεταβλητών)","Μαθηματική Ανάλυση (Συναρτήσεις Πολλών Μεταβλητών)","1","2","Κορμός","—","4","Συνεννόηση με διδάσκοντα"
"Επί πτυχίω","2025","31/01/2025","Παρασκευή","18:00","Προηγμένα Θέματα Αρχιτεκτονικής Υπολογιστών","Προηγμένα Θέματα Αρχιτεκτονικής Υπολογιστών","4","8","Ροή","Υ","4",""
"Επί πτυχίω","2025","03/02/2025","Δευτέρα","08:30","Αστική Κοινωνιολογία","Αστική Κοινωνιολογία","4","8","Ανθρωπιστικό","—","5","Συνεννόηση με διδάσκοντα"
"Επί πτυχίω","2025","03/02/2025","Δευτέρα","12:00","Φυσική και Τεχνολογία των Λέιζερ","Φυσική και Τεχνολογία των Λέιζερ","3","6","Ροή","Φ","5","Συνεννόηση με διδάσκοντα"
"Επί πτυχίω","2025","03/02/2025","Δευτέρα","12:00","Ψηφιακά Συστήματα VLSI","Ψηφιακά Συστήματα VLSI","4","8","Ροή","Υ","5","Συνεννόηση με διδάσκοντα"
"Επί πτυχίω","2025","03/02/2025","Δευτέρα","15:00","Ηλεκτρονική ΙΙ","Ηλεκτρονική ΙΙ","3","6","Ροή","Η","5","Συνεννόηση με διδάσκοντα"
"Επί πτυχίω","2025","03/02/2025","Δευτέρα","15:00","Θεωρία Γραφημάτων","Θεωρία Γραφημάτων","4","8","Ροή","Μ","5","Συνεννόηση με διδάσκοντα"
"Επί πτυχίω","2025","03/02/2025","Δευτέρα","18:00","Μηχανική","Μηχανική","1","2","Κορμός","—","5",""
"Επί πτυχίω","2025","03/02/2025","Δευτέρα","18:00","Δίκτυα Επικοινωνιών","Δίκτυα Επικοινωνιών","2","4","Κορμός","—","5",""
"Επί πτυχίω","2025","03/02/2025","Δευτέρα","18:00","Διαδίκτυο & Εφαρμογές","Διαδίκτυο & Εφαρμογές","4","8","Ροή","Δ","5",""
"Επί πτυχίω","2025","04/02/2025","Τρίτη","08:30","Μαθηματική Λογική για Υπολογιστές","Μαθηματική Λογική για Υπολογιστές","3","6","Ροή","Μ","6","Συνεννόηση με διδάσκοντα"
"Επί πτυχίω","2025","04/02/2025","Τρίτη","08:30","Ιατρική Απεικόνιση & Ψηφιακή Επεξεργασία Ιατρικής Εικόνας","Ιατρική Απεικόνιση & Ψηφιακή Επεξεργασία Ιατρικής Εικόνας","4","8","Ροή","Ι","6","Συνεννόηση με διδάσκοντα"
"Επί πτυχίω","2025","04/02/2025","Τρίτη","12:00","Συστήματα Αναμονής","Συστήματα Αναμονής","3","6","Ροή","Δ","6","Συνεννόηση με διδάσκοντα"
"Επί πτυχίω","2025","04/02/2025","Τρίτη","12:00","Τεχνολογίες Ανάπτυξης Υπηρεσιών Λογισμικού","Τεχνολογίες Ανάπτυξης Υπηρεσιών Λογισμικού","4","8","Ροή","Λ","6","Συνεννόηση με διδάσκοντα"
"Επί πτυχίω","2025","04/02/2025","Τρίτη","15:00","Εφαρμοσμένα Μαθηματικά - Λογισμός Μεταβολών","Εφαρμοσμένα Μαθηματικά - Λογισμός Μεταβολών","4","8","Ροή","Μ","6","Συνεννόηση με διδάσκοντα"
"Επί πτυχίω","2025","04/02/2025","Τρίτη","18:00","Παραγωγή Ηλεκτρικής Ενέργειας","Παραγωγή Ηλεκτρικής Ενέργειας","3","6","Ροή","Ε","6",""
"Επί πτυχίω","2025","04/02/2025","Τρίτη","18:00","Συστήματα Ελέγχου Ηλ. Μηχανών","Συστήματα Ελέγχου Ηλ. Μηχανών","4","8","Ροή","Ζ","6","Συνεννόηση με διδάσκοντα"
"Επί πτυχίω","2025","05/02/2025","Τετάρτη","08:30","Σχεδίαση Αναλογικών Μικροηλεκτρονικών Κυκλωμάτων","Σχεδίαση Αναλογικών Μικροηλεκτρονικών Κυκλωμάτων","4","8","Ροή","Η","7","Συνεννόηση με διδάσκοντα"
"Επί πτυχίω","2025","05/02/2025","Τετάρτη","12:00","Τεχνολογία Αισθητήρων και Μικροσυστημάτων","Τεχνολογία Αισθητήρων και Μικροσυστημάτων","4","8","Ροή","Η","7","Συνεννόηση με διδάσκοντα"
"Επί πτυχίω","2025","05/02/2025","Τετάρτη","12:00","Τεχνολογία & Ανάλυση Εικόνων και Βίντεο","Τεχνολογία & Ανάλυση Εικόνων και Βίντεο","4","8","Ροή","Υ","7",""
"Επί πτυχίω","2025","05/02/2025","Τετάρτη","15:00","Συστήματα Διοίκησης","Συστήματα Διοίκησης","3","6","Ροή","Ο","7","Συνεννόηση με διδάσκοντα"
"Επί πτυχίω","2025","05/02/2025","Τετάρτη","15:00","Ασύρματες Ζεύξεις & Διάδοση","Ασύρματες Ζεύξεις & Διάδοση","4","8","Ροή","Τ","7","Συνεννόηση με διδάσκοντα"
"Επί πτυχίω","2025","05/02/2025","Τετάρτη","18:00","Ηλεκτρομαγνητικά Πεδία Α","Ηλεκτρομαγνητικά Πεδία Α","2","4","Κορμός","—","7",""
"Επί πτυχίω","2025","05/02/2025","Τετάρτη","18:00","Εργαστήριο Δικτύων Υπολογιστών","Εργαστήριο Δικτύων Υπολογιστών","4","8","Ροή","Δ","7","Συνεννόηση με διδάσκοντα"
"Επί πτυχίω","2025","06/02/2025","Πέμπτη","08:30","Πολυκριτήρια Ανάλυση Αποφάσεων","Πολυκριτήρια Ανάλυση Αποφάσεων","4","8","Ροή","Ο","8","Συνεννόηση με διδάσκοντα"
"Επί πτυχίω","2025","06/02/2025","Πέμπτη","12:00","Εισαγωγή στην Βιοφωτονική και Κυτταρική Μηχανική","Εισαγωγή στην Βιοφωτονική και Κυτταρική Μηχανική","3","6","Ροή","Ι","8","Συνεννόηση με διδάσκοντα"
"Επί πτυχίω","2025","06/02/2025","Πέμπτη","12:00","Βιομηχανικές-Κτιριακές Ηλεκτρομηχανολογικές Εγκαταστάσεις","Βιομηχανικές-Κτιριακές Ηλεκτρομηχανολογικές Εγκαταστάσεις","4","8","Ροή","Ζ","8","Συνεννόηση με διδάσκοντα"
"Επί πτυχίω","2025","06/02/2025","Πέμπτη","15:00","Στοχαστικές Διαδικασίες","Στοχαστικές Διαδικασίες","3","6","Ροή","Μ","8","Συνεννόηση με διδάσκοντα"
"Επί πτυχίω","2025","06/02/2025","Πέμπτη","15:00","Συστήματα Μετάδοσης Οπτικών Ινών","Συστήματα Μετάδοσης Οπτικών Ινών","4","8","Ροή","Τ","8","Συνεννόηση με διδάσκοντα"
"Επί πτυχίω","2025","06/02/2025","Πέμπτη","18:00","Φυσική ΙΙ (Ηλεκτρομαγνητισμός)","Φυσική ΙΙ (Ηλεκτρομαγνητισμός)","2","4","Κορμός","—","8","Συνεννόηση με διδάσκοντα"
"Επί πτυχίω","2025","06/02/2025","Πέμπτη","18:00","Αριθμητική Ανάλυση","Αριθμητική Ανάλυση","2","4","Κορμός","—","8","Συνεννόηση με διδάσκοντα"
"Επί πτυχίω","2025","07/02/2025","Παρασκευή","08:30","Λειτουργικά Συστήματα Υπολογιστών","Λειτουργικά Συστήματα Υπολογιστών","3","6","Ροή","Υ","9","Συνεννόηση με διδάσκοντα"
"Επί πτυχίω","2025","07/02/2025","Παρασκευή","08:30","Περιβάλλον και Ανάπτυξη","Περιβάλλον και Ανάπτυξη","4","8","Λοιπό","—","9","Συνεννόηση με διδάσκοντα"
"Επί πτυχίω","2025","07/02/2025","Παρασκευή","12:00","Μετρήσεις & Εφαρμογές Υψηλών Τάσεων","Μετρήσεις & Εφαρμογές Υψηλών Τάσεων","4","8","Ροή","Ζ","9","Συνεννόηση με διδάσκοντα"
"Επί πτυχίω","2025","07/02/2025","Παρασκευή","15:00","Τεχνικές Προβλέψεων","Τεχνικές Προβλέψεων","4","8","Ροή","Ο","9","Συνεννόηση με διδάσκοντα"
"Επί πτυχίω","2025","07/02/2025","Παρασκευή","18:00","Ανάλυση Γραμμικών Κυκλωμάτων","Ανάλυση Γραμμικών Κυκλωμάτων","1","2","Κορμός","—","9",""
"Επί πτυχίω","2025","10/02/2025","Δευτέρα","08:30","Όραση Υπολογιστών","Όραση Υπολογιστών","4","8","Ροή","Σ","10","Συνεννόηση με διδάσκοντα"
"Επί πτυχίω","2025","10/02/2025","Δευτέρα","12:00","Τεχνολογία Φωτισμού","Τεχνολογία Φωτισμού","3","6","Ροή","Ζ","10","Συνεννόηση με διδάσκοντα"
"Επί πτυχίω","2025","10/02/2025","Δευτέρα","12:00","Ψηφιακή Επεξεργασία Σήματος","Ψηφιακή Επεξεργασία Σήματος","3","6","Ροή","Σ","10",""
"Επί πτυχίω","2025","10/02/2025","Δευτέρα","12:00","Υπολογισιμότητα και Πολυπλοκότητα","Υπολογισιμότητα και Πολυπλοκότητα","4","8","Ροή","Λ","10","Συνεννόηση με διδάσκοντα"
"Επί πτυχίω","2025","10/02/2025","Δευτέρα","15:00","Οπτική Επιστήμη & Τεχνολογία","Οπτική Επιστήμη & Τεχνολογία","3","6","Ροή","Τ","10","Συνεννόηση με διδάσκοντα"
"Επί πτυχίω","2025","10/02/2025","Δευτέρα","15:00","Ειδικά Θέματα Κοινωνιολογίας","Ειδικά Θέματα Κοινωνιολογίας","4","8","Ανθρωπιστικό","—","10","Συνεννόηση με διδάσκοντα"
"Επί πτυχίω","2025","10/02/2025","Δευτέρα","15:00","Ειδικά Θέματα Φιλοσοφίας","Ειδικά Θέματα Φιλοσοφίας","4","8","Ανθρωπιστικό","—","10","Συνεννόηση με διδάσκοντα"
"Επί πτυχίω","2025","10/02/2025","Δευτέρα","18:00","Τεχνική Μηχανική","Τεχνική Μηχανική","1","2","Κορμός","—","10",""
"Επί πτυχίω","2025","10/02/2025","Δευτέρα","18:00","Σχεδίαση Συστημάτων Αυτομάτου Ελέγχου","Σχεδίαση Συστημάτων Αυτομάτου Ελέγχου","3","6","Ροή","Σ","10","Συνεννόηση με διδάσκοντα"
"Επί πτυχίω","2025","10/02/2025","Δευτέρα","18:00","Θεωρία Αριθμών","Θεωρία Αριθμών","4","8","Ροή","Μ","10","Συνεννόηση με διδάσκοντα"
"Επί πτυχίω","2025","11/02/2025","Τρίτη","08:30","Προχωρημένα Θέματα Αλγορίθμων","Προχωρημένα Θέματα Αλγορίθμων","4","8","Ροή","Λ","11","Συνεννόηση με διδάσκοντα"
"Επί πτυχίω","2025","11/02/2025","Τρίτη","12:00","Εισαγωγή στη Βιοϊατρική Μηχανική","Εισαγωγή στη Βιοϊατρική Μηχανική","3","6","Ροή","Ι","11","Συνεννόηση με διδάσκοντα"
"Επί πτυχίω","2025","11/02/2025","Τρίτη","12:00","Κέντρα Ελέγχου Ενέργειας","Κέντρα Ελέγχου Ενέργειας","4","8","Ροή","Ε","11","Συνεννόηση με διδάσκοντα"
"Επί πτυχίω","2025","11/02/2025","Τρίτη","15:00","Μικροκύματα","Μικροκύματα","3","6","Ροή","Τ","11","Συνεννόηση με διδάσκοντα"
"Επί πτυχίω","2025","11/02/2025","Τρίτη","18:00","Κυματική και Κβαντική Φυσική","Κυματική και Κβαντική Φυσική","2","4","Κορμός","—","11",""
"Επί πτυχίω","2025","12/02/2025","Τετάρτη","08:30","Ανάλυση Πινάκων & Εφαρμογές","Ανάλυση Πινάκων & Εφαρμογές","3","6","Ροή","Μ","12","Συνεννόηση με διδάσκοντα"
"Επί πτυχίω","2025","12/02/2025","Τετάρτη","12:00","Εφαρμογές των Ιοντιζουσών Ακτινοβολιών στην Ιατρική και τη Βιολογία","Εφαρμογές των Ιοντιζουσών Ακτινοβολιών στην Ιατρική και τη Βιολογία","3","6","Λοιπό","—","12","Συνεννόηση με διδάσκοντα"
"Επί πτυχίω","2025","12/02/2025","Τετάρτη","12:00","Τεχνολογίες Κινητής και Ηλεκτρονικής Υγείας","Τεχνολογίες Κινητής και Ηλεκτρονικής Υγείας","4","8","Ροή","Ι","12","Συνεννόηση με διδάσκοντα"
"Επί πτυχίω","2025","12/02/2025","Τετάρτη","15:00","Δομή και Ηλεκτρικές Ιδιότητες Υλικών","Δομή και Ηλεκτρικές Ιδιότητες Υλικών","1","2","Κορμός","—","12",""
"Επί πτυχίω","2025","12/02/2025","Τετάρτη","15:00","Οικονομική Ανάλυση των Επιχειρήσεων","Οικονομική Ανάλυση των Επιχειρήσεων","3","6","Ροή","Ο","12","Συνεννόηση με διδάσκοντα"
"Επί πτυχίω","2025","12/02/2025","Τετάρτη","15:00","Ανάλυση ΣΗΕ (Ασύμμετρες & Μεταβατικές Καταστάσεις)","Ανάλυση ΣΗΕ (Ασύμμετρες & Μεταβατικές Καταστάσεις)","4","8","Ροή","Ε","12","Συνεννόηση με διδάσκοντα"
"Επί πτυχίω","2025","12/02/2025","Τετάρτη","18:00","Ηλεκτρική Οικονομία","Ηλεκτρική Οικονομία","2","4","Κορμός","—","12",""
"Επί πτυχίω","2025","12/02/2025","Τετάρτη","18:00","Αλγεβρα ΙΙ και Εφαρμογές","Αλγεβρα ΙΙ και Εφαρμογές","4","8","Ροή","Μ","12","Συνεννόηση με διδάσκοντα"
"Επί πτυχίω","2025","13/02/2025","Πέμπτη","08:30","Σχεδίαση Αναλογικών Ηλεκτρονικών Συστημάτων","Σχεδίαση Αναλογικών Ηλεκτρονικών Συστημάτων","4","8","Ροή","Η","13","Συνεννόηση με διδάσκοντα"
"Επί πτυχίω","2025","13/02/2025","Πέμπτη","12:00","Ηλεκτρονική Ι","Ηλεκτρονική Ι","2","4","Κορμός","—","13","Έναρξη 11:00"
"Επί πτυχίω","2025","13/02/2025","Πέμπτη","12:00","Αριθμητικές Μέθοδοι Διαφορικών Εξισώσεων","Αριθμητικές Μέθοδοι Διαφορικών Εξισώσεων","3","6","Ροή","Μ","13","Συνεννόηση με διδάσκοντα"
"Επί πτυχίω","2025","13/02/2025","Πέμπτη","12:00","Ηλεκτρικές Μηχανές Ι","Ηλεκτρικές Μηχανές Ι","3","6","Ροή","Ζ","13","Έναρξη 13:30"
"Επί πτυχίω","2025","13/02/2025","Πέμπτη","12:00","Δίκτυα Κινητών & Προσωπικών Επικοινωνιών","Δίκτυα Κινητών & Προσωπικών Επικοινωνιών","4","8","Ροή","Δ","13","Συνεννόηση με διδάσκοντα"
"Επί πτυχίω","2025","13/02/2025","Πέμπτη","15:00","Εφαρμοσμένη Θερμοδυναμική Καθαρών Ουσιών","Εφαρμοσμένη Θερμοδυναμική Καθαρών Ουσιών","3","6","Λοιπό","—","13","Συνεννόηση με διδάσκοντα"
"Επί πτυχίω","2025","13/02/2025","Πέμπτη","15:00","Επίδοση Υπολογιστικών Συστημάτων","Επίδοση Υπολογιστικών Συστημάτων","4","8","Ροή","Υ","13","Συνεννόηση με διδάσκοντα"
"Επί πτυχίω","2025","13/02/2025","Πέμπτη","15:00","Γλώσσες Προγραμματισμού Ι","Γλώσσες Προγραμματισμού Ι","3","6","Ροή","Λ","13",""
"Επί πτυχίω","2025","13/02/2025","Πέμπτη","15:00","Μεταβατική Κατάσταση Λειτουργίας Ηλεκτρ. Μηχανών","Μεταβατική Κατάσταση Λειτουργίας Ηλεκτρ. Μηχανών","4","8","Ροή","Ζ","13","Συνεννόηση με διδάσκοντα"
"Επί πτυχίω","2025","14/02/2025","Παρασκευή","08:30","Μη γραμμικά Συστήματα Ελέγχου και Εφαρμογές","Μη γραμμικά Συστήματα Ελέγχου και Εφαρμογές","4","8","Ροή","Σ","14","Συνεννόηση με διδάσκοντα"
"Επί πτυχίω","2025","14/02/2025","Παρασκευή","12:00","Βάσεις Δεδομένων","Βάσεις Δεδομένων","3","6","Ροή","Λ","14","Συνεννόηση με διδάσκοντα"
"Επί πτυχίω","2025","14/02/2025","Παρασκευή","12:00","Τηλεπικοινωνίες Οπτικών Ινών","Τηλεπικοινωνίες Οπτικών Ινών","4","8","Ροή","Δ","14","Συνεννόηση με διδάσκοντα"
"Επί πτυχίω","2025","14/02/2025","Παρασκευή","15:00","Ηλεκτρονική Ισχύος Ι","Ηλεκτρονική Ισχύος Ι","3","6","Ροή","Ζ","14","Συνεννόηση με διδάσκοντα"
"Επί πτυχίω","2025","14/02/2025","Παρασκευή","15:00","Ενεργειακή Οικονομία","Ενεργειακή Οικονομία","4","8","Ροή","Ε","14","Συνεννόηση με διδάσκοντα"
"Επί πτυχίω","2025","14/02/2025","Παρασκευή","18:00","Προγραμματιστικές Τεχνικές","Προγραμματιστικές Τεχνικές","1","2","Κορμός","—","14",""
"Επί πτυχίω","2025","14/02/2025","Παρασκευή","18:00","Μεταγλωτιστές","Μεταγλωτιστές","4","8","Ροή","Λ","14","Συνεννόηση με διδάσκοντα"
"Επί πτυχίω","2025","17/02/2025","Δευτέρα","08:30","Επεξεργασία φωνής και φυσικής Γλώσσας","Επεξεργασία φωνής και φυσικής Γλώσσας","4","8","Ροή","Σ","15","Συνεννόηση με διδάσκοντα"
"Επί πτυχίω","2025","17/02/2025","Δευτέρα","12:00","Μοντέλα Αποφάσεων και Διοίκησης για το Κλίμα","Μοντέλα Αποφάσεων και Διοίκησης για το Κλίμα","4","8","Ροή","Ο","15","Συνεννόηση με διδάσκοντα"
"Επί πτυχίω","2025","17/02/2025","Δευτέρα","15:00","Τεχνολογίες Ψηφιακής Υγείας","Τεχνολογίες Ψηφιακής Υγείας","4","8","Ροή","Ι","15","Συνεννόηση με διδάσκοντα"
"Επί πτυχίω","2025","17/02/2025","Δευτέρα","18:00","Υλικά και Διατάξεις Προηγμένης Τεχνολογίας","Υλικά και Διατάξεις Προηγμένης Τεχνολογίας","4","8","Ροή","Η","15","Συνεννόηση με διδάσκοντα"
"Επί πτυχίω","2026","08/01/2026","Πέμπτη","08:30","Δίκτυα Διανομής Ηλεκτρικής Ενέργειας","Δίκτυα Διανομής Ηλεκτρικής Ενέργειας","4","8","Ροή","Ε","1","Συνεννόηση με διδάσκοντα"
"Επί πτυχίω","2026","08/01/2026","Πέμπτη","12:00","Εργαστήριο Βιοϊατρικής Τεχνολογίας","Εργαστήριο Βιοϊατρικής Τεχνολογίας","3","6","Ροή","Ι","1","Συνεννόηση με διδάσκοντα"
"Επί πτυχίω","2026","08/01/2026","Πέμπτη","15:00","Συστήματα Χρηματοοικονομικής Διοίκησης","Συστήματα Χρηματοοικονομικής Διοίκησης","4","8","Ροή","Ο","1","Συνεννόηση με διδάσκοντα"
"Επί πτυχίω","2026","08/01/2026","Πέμπτη","18:00","Διαφορικές Εξισώσεις","Διαφορικές Εξισώσεις","1","2","Κορμός","—","1",""
"Επί πτυχίω","2026","08/01/2026","Πέμπτη","18:00","Συστήματα Μικροϋπολογιστών","Συστήματα Μικροϋπολογιστών","3","6","Ροή","Υ","1","Συνεννόηση με διδάσκοντα"
"Επί πτυχίω","2026","09/01/2026","Παρασκευή","12:00","Ψηφιακές Επικοινωνίες Ι","Ψηφιακές Επικοινωνίες Ι","3","6","Ροή","Δ","2","Συνεννόηση με διδάσκοντα"
"Επί πτυχίω","2026","09/01/2026","Παρασκευή","15:00","Γλώσσες Προγραμματισμού Ι","Γλώσσες Προγραμματισμού Ι","3","6","Ροή","Λ","2",""
"Επί πτυχίω","2026","09/01/2026","Παρασκευή","15:00","Εποπτεία και Διαχείριση Ενεργειακών Συστημάτων","Εποπτεία και Διαχείριση Ενεργειακών Συστημάτων","4","8","Ροή","Ε","2","Συνεννόηση με διδάσκοντα"
"Επί πτυχίω","2026","09/01/2026","Παρασκευή","18:00","Στοχαστικά Συστήματα και Επικοινωνίες","Στοχαστικά Συστήματα και Επικοινωνίες","2","4","Κορμός","—","2",""
"Επί πτυχίω","2026","12/01/2026","Δευτέρα","18:00","Μαθηματική Ανάλυση (Συναρτήσεις Πολλών Μεταβλητών)","Μαθηματική Ανάλυση (Συναρτήσεις Πολλών Μεταβλητών)","1","2","Κορμός","—","3",""
"Επί πτυχίω","2026","12/01/2026","Δευτέρα","18:00","Παραγωγή Ηλεκτρικής Ενέργειας","Παραγωγή Ηλεκτρικής Ενέργειας","3","6","Ροή","Ε","3",""
"Επί πτυχίω","2026","13/01/2026","Τρίτη","08:30","Διατάξεις Ημιαγωγών","Διατάξεις Ημιαγωγών","3","6","Ροή","Η","4","Συνεννόηση με διδάσκοντα"
"Επί πτυχίω","2026","13/01/2026","Τρίτη","08:30","Ρομποτική ΙΙ - Ευφυή Ρομποτικά Συστήματα","Ρομποτική ΙΙ - Ευφυή Ρομποτικά Συστήματα","4","8","Ροή","Σ","4","Συνεννόηση με διδάσκοντα"
"Επί πτυχίω","2026","13/01/2026","Τρίτη","18:00","Τεχνητή Νοημοσύνη","Τεχνητή Νοημοσύνη","3","6","Ροή","Λ","4",""
"Επί πτυχίω","2026","14/01/2026","Τετάρτη","12:00","Ασφάλεια Δικτύων Υπολογιστών","Ασφάλεια Δικτύων Υπολογιστών","4","8","Ροή","Δ","5","Συνεννόηση με διδάσκοντα"
"Επί πτυχίω","2026","14/01/2026","Τετάρτη","18:00","Διακριτά Μαθηματικά","Διακριτά Μαθηματικά","2","4","Κορμός","—","5",""
"Επί πτυχίω","2026","14/01/2026","Τετάρτη","18:00","Θεωρία Δικτύων και Κυκλωμάτων","Θεωρία Δικτύων και Κυκλωμάτων","3","6","Λοιπό","—","5",""
"Επί πτυχίω","2026","14/01/2026","Τετάρτη","18:00","Νευρωνικά Δίκτυα και Βαθιά Μάθηση","Νευρωνικά Δίκτυα και Βαθιά Μάθηση","4","8","Ροή","Υ","5","Συνεννόηση με διδάσκοντα"
"Επί πτυχίω","2026","15/01/2026","Πέμπτη","08:30","Εργαστήριο Ψηφιακών Συστημάτων","Εργαστήριο Ψηφιακών Συστημάτων","3","6","Ροή","Υ","6","Συνεννόηση με διδάσκοντα"
"Επί πτυχίω","2026","15/01/2026","Πέμπτη","12:00","Διοίκηση της Ψηφιακής Επιχείρησης","Διοίκηση της Ψηφιακής Επιχείρησης","4","8","Ροή","Ο","6","Συνεννόηση με διδάσκοντα"
"Επί πτυχίω","2026","15/01/2026","Πέμπτη","15:00","Εφαρμοσμένος και Υπολογιστικός Ηλεκτρομαγνητισμός","Εφαρμοσμένος και Υπολογιστικός Ηλεκτρομαγνητισμός","3","6","Λοιπό","—","6","Συνεννόηση με διδάσκοντα"
"Επί πτυχίω","2026","15/01/2026","Πέμπτη","15:00","Τεχνολογία & Ανάλυση Εικόνων και Βίντεο","Τεχνολογία & Ανάλυση Εικόνων και Βίντεο","4","8","Ροή","Υ","6","Συνεννόηση με διδάσκοντα"
"Επί πτυχίω","2026","15/01/2026","Πέμπτη","18:00","Προηγμένα Θέματα Αρχιτεκτονικής Υπολογιστών","Προηγμένα Θέματα Αρχιτεκτονικής Υπολογιστών","4","8","Ροή","Υ","6",""
"Επί πτυχίω","2026","16/01/2026","Παρασκευή","15:00","Ηλεκτρονική ΙΙ","Ηλεκτρονική ΙΙ","3","6","Ροή","Η","7",""
"Επί πτυχίω","2026","16/01/2026","Παρασκευή","18:00","Μηχανική","Μηχανική","1","2","Κορμός","—","7",""
"Επί πτυχίω","2026","16/01/2026","Παρασκευή","18:00","Δίκτυα Επικοινωνιών","Δίκτυα Επικοινωνιών","2","4","Κορμός","—","7",""
"Επί πτυχίω","2026","16/01/2026","Παρασκευή","18:00","Διαδίκτυο & Εφαρμογές","Διαδίκτυο & Εφαρμογές","4","8","Ροή","Δ","7",""
"Επί πτυχίω","2026","19/01/2026","Δευτέρα","12:00","Συστήματα Αναμονής","Συστήματα Αναμονής","3","6","Ροή","Δ","8",""
"Επί πτυχίω","2026","19/01/2026","Δευτέρα","12:00","Τεχνολογίες Ανάπτυξης Υπηρεσιών Λογισμικού","Τεχνολογίες Ανάπτυξης Υπηρεσιών Λογισμικού","4","8","Ροή","Λ","8",""
"Επί πτυχίω","2026","19/01/2026","Δευτέρα","18:00","Ηλεκτρικές Μηχανές Ι","Ηλεκτρικές Μηχανές Ι","3","6","Ροή","Ζ","8",""
"Επί πτυχίω","2026","19/01/2026","Δευτέρα","18:00","Συστήματα Ελέγχου Ηλ. Μηχανών","Συστήματα Ελέγχου Ηλ. Μηχανών","4","8","Ροή","Ζ","8",""
"Επί πτυχίω","2026","20/01/2026","Τρίτη","08:30","Σχεδίαση Αναλογικών Μικροηλεκτρονικών Κυκλωμάτων","Σχεδίαση Αναλογικών Μικροηλεκτρονικών Κυκλωμάτων","4","8","Ροή","Η","9","Συνεννόηση με διδάσκοντα"
"Επί πτυχίω","2026","20/01/2026","Τρίτη","15:00","Συστήματα Διοίκησης","Συστήματα Διοίκησης","3","6","Ροή","Ο","9",""
"Επί πτυχίω","2026","20/01/2026","Τρίτη","18:00","Ηλεκτρομαγνητικά Πεδία Α","Ηλεκτρομαγνητικά Πεδία Α","2","4","Κορμός","—","9",""
"Επί πτυχίω","2026","20/01/2026","Τρίτη","18:00","Εργαστήριο Δικτύων Υπολογιστών","Εργαστήριο Δικτύων Υπολογιστών","4","8","Ροή","Δ","9","Συνεννόηση με διδάσκοντα"
"Επί πτυχίω","2026","21/01/2026","Τετάρτη","08:30","Πολυκριτήρια Ανάλυση Αποφάσεων","Πολυκριτήρια Ανάλυση Αποφάσεων","4","8","Ροή","Ο","10","Συνεννόηση με διδάσκοντα"
"Επί πτυχίω","2026","21/01/2026","Τετάρτη","12:00","Εισαγωγή στην Βιοφωτονική και Κυτταρική Μηχανική","Εισαγωγή στην Βιοφωτονική και Κυτταρική Μηχανική","3","6","Ροή","Ι","10","Συνεννόηση με διδάσκοντα"
"Επί πτυχίω","2026","21/01/2026","Τετάρτη","15:00","Συστήματα Μετάδοσης Οπτικών Ινών","Συστήματα Μετάδοσης Οπτικών Ινών","4","8","Ροή","Τ","10","Συνεννόηση με διδάσκοντα"
"Επί πτυχίω","2026","21/01/2026","Τετάρτη","18:00","Αριθμητική Ανάλυση","Αριθμητική Ανάλυση","2","4","Κορμός","—","10",""
"Επί πτυχίω","2026","22/01/2026","Πέμπτη","08:30","Περιβάλλον και Ανάπτυξη","Περιβάλλον και Ανάπτυξη","4","8","Λοιπό","—","11","Συνεννόηση με διδάσκοντα"
"Επί πτυχίω","2026","22/01/2026","Πέμπτη","12:00","Μετρήσεις & Εφαρμογές Υψηλών Τάσεων","Μετρήσεις & Εφαρμογές Υψηλών Τάσεων","4","8","Ροή","Ζ","11","Συνεννόηση με διδάσκοντα"
"Επί πτυχίω","2026","22/01/2026","Πέμπτη","15:00","Τεχνικές Προβλέψεων","Τεχνικές Προβλέψεων","4","8","Ροή","Ο","11",""
"Επί πτυχίω","2026","22/01/2026","Πέμπτη","18:00","Ανάλυση Γραμμικών Κυκλωμάτων","Ανάλυση Γραμμικών Κυκλωμάτων","1","2","Κορμός","—","11",""
"Επί πτυχίω","2026","23/01/2026","Παρασκευή","12:00","Υπολογισιμότητα και Πολυπλοκότητα","Υπολογισιμότητα και Πολυπλοκότητα","4","8","Ροή","Λ","12","Συνεννόηση με διδάσκοντα"
"Επί πτυχίω","2026","23/01/2026","Παρασκευή","15:00","Ψηφιακή Επεξεργασία Σήματος","Ψηφιακή Επεξεργασία Σήματος","3","6","Ροή","Σ","12",""
"Επί πτυχίω","2026","26/01/2026","Δευτέρα","12:00","Κέντρα Ελέγχου Ενέργειας","Κέντρα Ελέγχου Ενέργειας","4","8","Ροή","Ε","13","Συνεννόηση με διδάσκοντα"
"Επί πτυχίω","2026","26/01/2026","Δευτέρα","15:00","Μικροκύματα","Μικροκύματα","3","6","Ροή","Τ","13",""
"Επί πτυχίω","2026","26/01/2026","Δευτέρα","15:00","Προχωρημένα Θέματα Αλγορίθμων","Προχωρημένα Θέματα Αλγορίθμων","4","8","Ροή","Λ","13","Συνεννόηση με διδάσκοντα"
"Επί πτυχίω","2026","27/01/2026","Τρίτη","15:00","Ανάλυση ΣΗΕ (Ασύμμετρες & Μεταβατικές Καταστάσεις)","Ανάλυση ΣΗΕ (Ασύμμετρες & Μεταβατικές Καταστάσεις)","4","8","Ροή","Ε","14",""
"Επί πτυχίω","2026","27/01/2026","Τρίτη","18:00","Δομή και Ηλεκτρικές Ιδιότητες Υλικών","Δομή και Ηλεκτρικές Ιδιότητες Υλικών","1","2","Κορμός","—","14",""
"Επί πτυχίω","2026","28/01/2026","Τετάρτη","08:30","Σχεδίαση Αναλογικών Ηλεκτρονικών Συστημάτων","Σχεδίαση Αναλογικών Ηλεκτρονικών Συστημάτων","4","8","Ροή","Η","15","Συνεννόηση με διδάσκοντα"
"Επί πτυχίω","2026","28/01/2026","Τετάρτη","12:00","Δίκτυα Κινητών & Προσωπικών Επικοινωνιών","Δίκτυα Κινητών & Προσωπικών Επικοινωνιών","4","8","Ροή","Δ","15","Συνεννόηση με διδάσκοντα"
"Επί πτυχίω","2026","28/01/2026","Τετάρτη","15:00","Επίδοση Υπολογιστικών Συστημάτων","Επίδοση Υπολογιστικών Συστημάτων","4","8","Ροή","Υ","15","Συνεννόηση με διδάσκοντα"
"Επί πτυχίω","2026","28/01/2026","Τετάρτη","18:00","Ηλεκτρονική Ι","Ηλεκτρονική Ι","2","4","Κορμός","—","15",""
"Επί πτυχίω","2026","29/01/2026","Πέμπτη","12:00","Τηλεπικοινωνίες Οπτικών Ινών","Τηλεπικοινωνίες Οπτικών Ινών","4","8","Ροή","Δ","16","Συνεννόηση με διδάσκοντα"
"Επί πτυχίω","2026","29/01/2026","Πέμπτη","15:00","Προγραμματιστικές Τεχνικές","Προγραμματιστικές Τεχνικές","1","2","Κορμός","—","16",""
"Επί πτυχίω","2026","29/01/2026","Πέμπτη","15:00","Ηλεκτρονική Ισχύος Ι","Ηλεκτρονική Ισχύος Ι","3","6","Ροή","Ζ","16",""
"Επί πτυχίω","2026","29/01/2026","Πέμπτη","15:00","Ενεργειακή Οικονομία","Ενεργειακή Οικονομία","4","8","Ροή","Ε","16","Συνεννόηση με διδάσκοντα"
"Επί πτυχίω","2026","29/01/2026","Πέμπτη","18:00","Μεταγλωτιστές","Μεταγλωτιστές","4","8","Ροή","Λ","16","Συνεννόηση με διδάσκοντα"
"Επί πτυχίω","2026","02/02/2026","Δευτέρα","08:30","Επεξεργασία φωνής και φυσικής Γλώσσας","Επεξεργασία φωνής και φυσικής Γλώσσας","4","8","Ροή","Σ","17","Συνεννόηση με διδάσκοντα"
"Επί πτυχίω","2026","02/02/2026","Δευτέρα","12:00","Συστήματα Διαμόρφωσης, Μετάδοσης και Μεταγωγής","Συστήματα Διαμόρφωσης, Μετάδοσης και Μεταγωγής","3","6","Ροή","Τ","17",""
"Επί πτυχίω","2026","02/02/2026","Δευτέρα","12:00","Μοντέλα Αποφάσεων και Διοίκησης για το Κλίμα","Μοντέλα Αποφάσεων και Διοίκησης για το Κλίμα","4","8","Ροή","Ο","17","Συνεννόηση με διδάσκοντα"
"Επί πτυχίω","2026","02/02/2026","Δευτέρα","15:00","Λειτουργικά Συστήματα Υπολογιστών","Λειτουργικά Συστήματα Υπολογιστών","3","6","Ροή","Υ","17",""
"Επί πτυχίω","2026","02/02/2026","Δευτέρα","15:00","Τεχνολογίες Ψηφιακής Υγείας","Τεχνολογίες Ψηφιακής Υγείας","4","8","Ροή","Ι","17","Συνεννόηση με διδάσκοντα"
"Επί πτυχίω","2026","03/02/2026","Τρίτη","12:00","Όραση Υπολογιστών","Όραση Υπολογιστών","4","8","Ροή","Σ","18",""
"Επί πτυχίω","2026","03/02/2026","Τρίτη","15:00","Ασύρματες Ζεύξεις & Διάδοση","Ασύρματες Ζεύξεις & Διάδοση","4","8","Ροή","Τ","18",""
"Επί πτυχίω","2026","03/02/2026","Τρίτη","18:00","Εισαγωγή στην Τεχνητή Νοημοσύνη","Εισαγωγή στη Τεχνιτή Νοημοσύνη","3","6","Ροή","Λ","18",""
"Επί πτυχίω","2026","03/02/2026","Τρίτη","18:00","Μεταγλωτιστές","Μεταγλωτιστές","4","8","Ροή","Λ","18","Συνεννόηση με διδάσκοντα"
"Επί πτυχίω","2026","04/02/2026","Τετάρτη","15:00","Σχεδίαση Συστημάτων Αυτομάτου Ελέγχου","Σχεδίαση Συστημάτων Αυτομάτου Ελέγχου","3","6","Ροή","Σ","19",""
"Επί πτυχίω","2026","04/02/2026","Τετάρτη","18:00","Μεταβατική Κατάσταση Λειτουργίας Ηλεκτρ. Μηχανών","Μεταβατική Κατάσταση Λειτουργίας Ηλεκτρ. Μηχανών","4","8","Ροή","Ζ","19","Συνεννόηση με διδάσκοντα"
"Επί πτυχίω","2026","05/02/2026","Πέμπτη","08:30","Εισαγωγή στη Βιοϊατρική Μηχανική","Εισαγωγή στη Βιοϊατρική Μηχανική","3","6","Ροή","Ι","20","Συνεννόηση με διδάσκοντα"
"Επί πτυχίω","2026","05/02/2026","Πέμπτη","08:30","Μη γραμμικά Συστήματα Ελέγχου και Εφαρμογές","Μη γραμμικά Συστήματα Ελέγχου και Εφαρμογές","4","8","Ροή","Σ","20","Συνεννόηση με διδάσκοντα"
"Επί πτυχίω","2026","05/02/2026","Πέμπτη","12:00","Ηλεκτρομαγνητική Συμβατότητα","Ηλεκτρομαγνητική Συμβατότητα","4","8","Ροή","Τ","20","Συνεννόηση με διδάσκοντα"
"Επί πτυχίω","2026","05/02/2026","Πέμπτη","15:00","Αγγλική Γλώσσα","Αγγλική Γλώσσα","2","3","Κορμός","—","20",""
"Επί πτυχίω","2026","06/02/2026","Παρασκευή","12:00","Τεχνική Μηχανική","Τεχνική Μηχανική","1","2","Κορμός","—","21",""
"Επί πτυχίω","2026","06/02/2026","Παρασκευή","12:00","Ψηφιακά Συστήματα VLSI","Ψηφιακά Συστήματα VLSI","4","8","Ροή","Υ","21","Συνεννόηση με διδάσκοντα"
"Επί πτυχίω","2026","06/02/2026","Παρασκευή","15:00","Οπτική Επιστήμη & Τεχνολογία","Οπτική Επιστήμη & Τεχνολογία","3","6","Ροή","Τ","21","Συνεννόηση με διδάσκοντα"
"Επί πτυχίω","2026","09/02/2026","Δευτέρα","08:30","Ιατρική Απεικόνιση & Ψηφιακή Επεξεργασία Ιατρικής Εικόνας","Ιατρική Απεικόνιση & Ψηφιακή Επεξεργασία Ιατρικής Εικόνας","4","8","Ροή","Ι","22","Συνεννόηση με διδάσκοντα"
"Επί πτυχίω","2026","09/02/2026","Δευτέρα","18:00","Κυματική και Κβαντική Φυσική","Κυματική και Κβαντική Φυσική","2","4","Κορμός","—","22",""
"Επί πτυχίω","2026","10/02/2026","Τρίτη","12:00","Ηλεκτρική Οικονομία","Ηλεκτρική Οικονομία","2","4","Κορμός","—","23",""
"Επί πτυχίω","2026","10/02/2026","Τρίτη","12:00","Εισαγωγή στη Φυσική και την Τεχνολογία της Ελεγχόμενης Θερμοπυρηνικής Σύντηξης","Εισαγωγή στη Φυσική και την Τεχνολογία της Ελεγχόμενης Θερμοπυρηνικής Σύντηξης","4","8","Ροή","Φ","23","Συνεννόηση με διδάσκοντα"
"Επί πτυχίω","2026","11/02/2026","Τετάρτη","12:00","Τεχνολογία Αισθητήρων και Μικροσυστημάτων","Τεχνολογία Αισθητήρων και Μικροσυστημάτων","4","8","Ροή","Η","24","Συνεννόηση με διδάσκοντα"
"Επί πτυχίω","2026","11/02/2026","Τετάρτη","15:00","Οικονομική Ανάλυση των Επιχειρήσεων","Οικονομική Ανάλυση των Επιχειρήσεων","3","6","Ροή","Ο","24",""
"Επί πτυχίω","2026","12/02/2026","Πέμπτη","15:00","Τεχνολογία Φωτισμού","Τεχνολογία Φωτισμού","3","6","Ροή","Ζ","25","Συνεννόηση με διδάσκοντα"
"Επί πτυχίω","2026","13/02/2026","Παρασκευή","12:00","Βάσεις Δεδομένων","Βάσεις Δεδομένων","3","6","Ροή","Λ","26",""
"Επί πτυχίω","2026","13/02/2026","Παρασκευή","12:00","Βιομηχανικές-Κτιριακές Ηλεκτρομηχανολογικές Εγκαταστάσεις","Βιομηχανικές-Κτιριακές Ηλεκτρομηχανολογικές Εγκαταστάσεις","4","8","Ροή","Ζ","26","Συνεννόηση με διδάσκοντα"
"Επί πτυχίω","2026","13/02/2026","Παρασκευή","15:00","Μαθηματική Λογική","Μαθηματική Λογική","3","6","Ροή","Μ","26","Συνεννόηση με διδάσκοντα"
"Επί πτυχίω","2026","13/02/2026","Παρασκευή","15:00","Εφαρμογές της Λογικής στην Πληροφορική","Εφαρμογές της Λογικής στην Πληροφορική","4","8","Ροή","Μ","26","Συνεννόηση με διδάσκοντα"